{"type": "FeatureCollection", "name": "bih_municipalities_1991", "metadata": {"description": "Bosnia and Herzegovina municipalities with 1991 census data", "municipality_count": 142}, "features": [{"type": "Feature", "id": "mun_10014", "properties": {"id": "10014", "name": "Banovići", "layer": "municipality", "center_svg": [561, 392], "population_1991": {"total": 26590, "bosniaks": 19162, "croats": 550, "serbs": 4514, "others": 2364}}, "geometry": {"type": "Polygon", "coordinates": [[[535.36, 367.04], [536.8644, 366.8219], [538.1493, 367.7153], [540.5725, 368.9515], [542.8936, 370.7489], [544.4033, 373.0305], [545.9755, 374.6567], [547.1704, 374.8181], [548.9512, 376.2634], [550.8241, 378.0179], [552.32, 377.0037], [553.1805, 374.671], [555.1697, 372.9558], [555.3043, 370.9427], [557.4095, 369.7267], [558.711, 371.0597], [560.0, 372.8], [561.3712, 374.7605], [563.0182, 373.76], [564.4417, 373.6745], [565.5838, 374.2255], [567.693, 372.6915], [569.6, 373.12], [571.8686, 373.0383], [573.0119, 373.6136], [573.6654, 376.7115], [576.612, 377.8822], [579.049, 379.2435], [579.0094, 381.2715], [578.8358, 383.4332], [578.5581, 385.559], [577.4473, 388.8547], [576.3234, 392.1064], [578.1516, 394.9974], [578.8509, 398.2502], [578.6576, 400.9877], [578.2182, 403.7887], [579.826, 406.1481], [578.88, 407.9563], [577.579, 410.8595], [575.36, 413.12], [573.261, 412.3783], [571.8241, 410.8594], [570.5408, 409.0371], [568.5089, 408.1464], [566.2443, 407.0632], [564.9144, 405.2807], [563.6557, 403.6416], [561.92, 402.24], [560.7148, 400.1145], [558.8016, 399.0279], [555.1788, 399.2204], [551.6676, 398.6828], [549.2618, 399.2632], [547.0064, 400.0043], [546.4214, 398.5626], [546.3204, 396.7232], [547.642, 396.0488], [547.0702, 394.5584], [548.0731, 392.9969], [549.2106, 391.5219], [550.2943, 392.0071], [551.7906, 392.6076], [552.3399, 390.8676], [553.2659, 389.0637], [552.1989, 387.5212], [550.8398, 386.1976], [548.0958, 385.1953], [545.6054, 383.7489], [544.1948, 381.0602], [541.8988, 381.2635], [539.5437, 381.3177], [537.0504, 380.9184], [534.0673, 379.4865], [531.1727, 378.2475], [530.2274, 376.8608], [530.7717, 375.405], [530.0543, 372.2943], [530.0383, 369.0852], [532.2903, 368.0379], [534.0721, 366.3874], [534.7554, 366.6295], [535.36, 367.04], [535.36, 367.04]]]}}, {"type": "Feature", "id": "mun_20010", "properties": {"id": "20010", "name": "Banja Luka", "layer": "municipality", "center_svg": [288, 286], "population_1991": {"total": 195692, "bosniaks": 28558, "croats": 29026, "serbs": 106826, "others": 31282}}, "geometry": {"type": "Polygon", "coordinates": [[[303.04, 227.84], [305.914, 230.4398], [304.7236, 233.5164], [308.5631, 237.9098], [311.0884, 243.0459], [314.5578, 247.3049], [313.2716, 252.3213], [315.0016, 257.6488], [317.5339, 262.3632], [321.2149, 265.7852], [324.5865, 269.6059], [326.0904, 273.0776], [327.1786, 277.0289], [330.0284, 281.5525], [331.52, 286.72], [333.1995, 290.2184], [331.6817, 292.9292], [326.4907, 298.8272], [324.4513, 307.0338], [322.0217, 308.2034], [321.0991, 310.3155], [317.1696, 309.4268], [318.4, 312.0], [320.1126, 317.5261], [316.1581, 320.9857], [318.5283, 327.5541], [317.4041, 334.459], [322.0485, 341.1544], [324.2904, 348.7984], [324.0968, 354.2073], [319.8137, 356.4452], [313.9304, 360.0695], [308.9639, 359.7332], [305.2226, 359.6669], [306.1817, 356.369], [304.9656, 351.841], [303.4041, 347.214], [301.7687, 341.6232], [299.4185, 336.5506], [295.3136, 338.5753], [292.9551, 341.8867], [287.0311, 347.0936], [281.7957, 353.1666], [278.0373, 354.2362], [272.8155, 353.4267], [266.3985, 346.7589], [266.5897, 337.8978], [267.6235, 331.5986], [269.1284, 327.0372], [265.5138, 325.453], [261.8888, 326.4406], [257.1467, 323.8878], [258.3662, 318.4029], [257.1161, 312.635], [251.992, 309.6132], [247.9912, 304.5883], [249.7495, 299.8609], [247.839, 292.4233], [241.5021, 288.79], [237.4659, 283.6158], [235.6604, 276.9866], [242.133, 272.8028], [250.3209, 271.2608], [255.3341, 273.504], [261.6955, 274.2522], [264.5567, 275.9684], [264.96, 274.24], [264.3538, 270.1789], [262.6359, 266.0681], [262.5775, 260.8134], [266.0086, 258.4374], [267.0086, 254.2179], [266.3755, 249.6773], [272.3262, 243.3442], [277.5321, 236.0352], [279.5077, 232.9936], [281.6883, 231.1191], [287.1689, 231.9845], [290.2729, 227.3956], [296.4464, 228.8028], [302.2383, 226.4853], [303.04, 227.8401], [303.04, 227.84]]]}}, {"type": "Feature", "id": "mun_20028", "properties": {"id": "20028", "name": "Berkovići", "layer": "municipality", "center_svg": [490, 739], "population_1991": {"total": 3494, "bosniaks": 704, "croats": 637, "serbs": 2115, "others": 38}}, "geometry": {"type": "Polygon", "coordinates": [[[470.4, 716.16], [472.0997, 717.5336], [475.529, 716.585], [478.3338, 716.5702], [480.8472, 716.8617], [480.8519, 719.3268], [482.8531, 720.1666], [486.2289, 722.0041], [489.862, 723.3411], [492.7848, 724.9799], [494.958, 727.368], [495.3607, 729.9956], [495.0454, 732.5937], [497.5994, 734.1702], [500.4624, 735.8312], [503.5165, 736.4523], [506.4275, 736.3746], [509.2721, 738.7015], [511.9743, 741.0392], [514.9473, 742.2596], [518.2109, 741.6103], [519.5773, 742.4201], [518.4262, 743.611], [516.6271, 746.4971], [513.6051, 747.9292], [510.7401, 747.1731], [510.8801, 749.8127], [511.4136, 752.1946], [510.3999, 753.92], [506.8759, 753.387], [503.3502, 752.9238], [499.9734, 752.4679], [498.0422, 750.2567], [495.1347, 750.7789], [492.1253, 750.9189], [489.0836, 751.5969], [486.3803, 752.9739], [485.4184, 756.1652], [483.5118, 758.2003], [480.6002, 758.8539], [478.9205, 762.9995], [479.0548, 765.0052], [477.27, 764.9753], [474.9132, 766.1667], [472.4009, 767.4409], [469.4979, 765.5118], [466.74, 763.7608], [464.2011, 766.622], [463.3629, 765.1263], [463.1694, 761.3669], [462.1915, 757.5816], [464.4483, 754.9432], [466.9334, 752.2711], [468.661, 749.5039], [470.9206, 746.971], [474.1512, 744.7558], [474.4457, 741.5945], [471.9937, 738.188], [468.4373, 736.1756], [464.677, 735.5954], [460.9034, 735.0014], [460.0441, 732.7546], [459.2809, 729.6809], [457.6671, 726.6404], [455.8132, 723.7025], [455.0294, 720.1594], [455.3889, 716.4868], [457.5036, 714.858], [460.5225, 714.3661], [463.479, 716.1068], [466.2411, 715.1851], [468.3056, 714.3808], [470.3999, 716.16], [470.4, 716.16]]]}}, {"type": "Feature", "id": "mun_10049", "properties": {"id": "10049", "name": "Bihać", "layer": "municipality", "center_svg": [76, 298], "population_1991": {"total": 72454, "bosniaks": 46740, "croats": 5582, "serbs": 14391, "others": 5741}}, "geometry": {"type": "Polygon", "coordinates": [[[39.0391, 225.5996], [34.4458, 229.0085], [33.0206, 235.4116], [35.7743, 246.302], [39.5315, 256.1461], [40.3331, 260.9526], [33.1722, 264.5817], [31.5569, 268.6726], [34.8282, 275.5475], [39.2327, 283.824], [45.9036, 289.7108], [49.8294, 295.0039], [54.8357, 289.997], [59.3115, 289.134], [63.3021, 288.7812], [67.1146, 295.1674], [72.9271, 297.3203], [76.4132, 306.8487], [85.0985, 312.3423], [89.2834, 317.508], [92.0019, 323.5878], [89.8928, 328.8449], [84.7127, 331.0986], [86.7941, 340.4022], [95.8628, 345.1298], [103.075, 352.0473], [107.5195, 361.7341], [106.7589, 369.3198], [108.1602, 377.2793], [112.2583, 380.5807], [107.719, 384.4185], [105.2498, 387.0041], [110.9438, 388.7538], [118.661, 393.7377], [119.2797, 400.2883], [115.7783, 411.3926], [117.9226, 422.8554], [121.9379, 422.1419], [126.8437, 420.1026], [123.8513, 414.7748], [126.7397, 409.8243], [132.1517, 406.0905], [138.1898, 402.8739], [137.1223, 396.0259], [136.8331, 389.424], [132.3337, 386.3794], [131.5659, 382.482], [130.7546, 378.9703], [132.7262, 376.124], [132.01, 371.6723], [132.1602, 366.0801], [136.3123, 358.7299], [130.8859, 352.7202], [119.7107, 346.9], [109.9692, 339.701], [104.3184, 332.8528], [100.6657, 325.1371], [97.6511, 315.8225], [98.0015, 308.6361], [103.2288, 312.3121], [109.1191, 316.4805], [112.0989, 309.3886], [112.2878, 301.9547], [106.8114, 292.7178], [100.2366, 284.3624], [98.3792, 279.5637], [94.6672, 277.3231], [84.3019, 272.3903], [83.0477, 261.2131], [89.0755, 256.5331], [99.5668, 255.126], [93.6893, 249.0559], [86.4004, 245.1191], [80.2673, 243.83], [73.8791, 244.4695], [67.41, 248.5609], [62.5307, 246.6647], [54.8884, 243.1602], [54.9134, 235.8479], [49.046, 234.8836], [41.7092, 234.0803], [41.122, 229.062], [39.0391, 225.5996], [39.0391, 225.5996]]]}}, {"type": "Feature", "id": "mun_20036", "properties": {"id": "20036", "name": "Bijeljina", "layer": "municipality", "center_svg": [699, 289], "population_1991": {"total": 96988, "bosniaks": 30229, "croats": 492, "serbs": 57389, "others": 8878}}, "geometry": {"type": "Polygon", "coordinates": [[[703.68, 250.24], [708.2859, 246.9502], [713.3245, 246.1957], [718.6818, 246.7092], [724.0137, 248.3081], [729.6451, 251.4784], [732.8004, 255.8037], [732.614, 259.3702], [730.9871, 260.0924], [729.2641, 263.3135], [731.0459, 267.2156], [728.4154, 268.4551], [727.1003, 270.675], [724.4998, 270.0807], [724.9129, 272.5171], [722.6931, 274.0266], [723.9265, 277.0844], [720.3086, 279.0467], [722.295, 280.7717], [724.286, 280.2117], [725.6517, 281.6287], [722.1845, 283.3839], [722.5107, 285.7231], [725.1167, 286.1131], [723.8826, 287.9119], [725.889, 289.7035], [725.44, 292.096], [721.7442, 293.7838], [723.5184, 297.2162], [721.7469, 299.4894], [722.5358, 301.7243], [721.2969, 305.3382], [718.8539, 305.8303], [717.7829, 309.8684], [717.484, 313.9797], [714.6246, 314.5454], [713.92, 316.16], [711.9686, 321.7457], [706.2949, 325.0168], [706.0814, 326.5496], [706.4883, 329.2142], [704.7062, 333.4908], [702.08, 337.28], [698.9946, 337.2721], [696.6992, 335.3744], [695.7207, 332.9778], [693.805, 330.9817], [688.6034, 328.1015], [682.8407, 327.6799], [679.519, 329.516], [679.1656, 327.266], [680.1766, 324.6593], [681.4684, 322.0584], [684.9351, 319.9889], [687.6176, 316.6005], [688.7474, 312.8065], [686.9777, 311.7144], [683.3199, 310.7119], [679.36, 310.72], [676.9193, 309.8589], [677.1696, 307.821], [676.2889, 303.596], [672.3444, 302.0416], [668.7132, 301.1172], [663.39, 300.4792], [662.6578, 296.8934], [661.5691, 293.5189], [658.0051, 288.3728], [654.4, 285.056], [649.8479, 287.7251], [647.7753, 284.8515], [648.3765, 282.2693], [650.249, 280.963], [652.6845, 275.614], [655.6563, 270.5126], [659.9895, 268.8803], [664.4005, 270.4809], [666.2736, 269.0412], [664.5848, 268.1045], [661.7557, 265.4679], [662.9727, 262.7706], [669.491, 260.9664], [676.4085, 259.0422], [679.8287, 255.0356], [684.8164, 253.1769], [687.6095, 249.6909], [691.5823, 247.5265], [696.9598, 243.4254], [701.7945, 247.2645], [702.3526, 249.0332], [703.68, 250.24], [703.68, 250.24]]]}}, {"type": "Feature", "id": "mun_20044", "properties": {"id": "20044", "name": "Bileća", "layer": "municipality", "center_svg": [540, 771], "population_1991": {"total": 13284, "bosniaks": 1947, "croats": 39, "serbs": 10628, "others": 670}}, "geometry": {"type": "Polygon", "coordinates": [[[547.52, 730.24], [550.4266, 729.7537], [550.5045, 731.5208], [550.9477, 736.5042], [549.2123, 740.5658], [551.0645, 743.6551], [551.1218, 746.6887], [554.7292, 747.6364], [556.9354, 744.6826], [561.7402, 745.2472], [566.2725, 743.9011], [569.2321, 746.1268], [568.166, 747.7501], [569.7055, 751.4457], [572.7533, 754.7609], [575.5762, 757.8488], [572.8987, 761.0707], [571.0043, 765.5013], [567.9692, 768.9817], [566.7964, 774.4269], [565.8856, 779.9093], [566.0865, 785.9906], [568.6349, 791.5721], [570.1141, 796.3831], [566.9193, 799.2008], [567.2371, 802.7468], [564.427, 804.331], [562.3219, 808.5342], [564.2061, 812.2538], [560.0529, 814.8793], [560.64, 818.4148], [561.3103, 822.5978], [559.0729, 825.7919], [553.9916, 827.1235], [548.9592, 824.2292], [548.5578, 821.5486], [548.543, 818.5051], [545.1908, 814.6768], [540.4566, 813.253], [537.8286, 809.0479], [535.4751, 804.5951], [531.5176, 800.0885], [527.6662, 795.5142], [523.7158, 791.241], [519.2945, 787.4576], [514.449, 782.4798], [508.7886, 778.3146], [508.4896, 774.7529], [508.3902, 770.1502], [506.3167, 765.7999], [504.3066, 761.0806], [504.9564, 756.5894], [502.8761, 753.6848], [503.2334, 752.7723], [508.0319, 753.5895], [511.2224, 752.0443], [510.1763, 747.2161], [513.9802, 747.633], [517.295, 745.745], [519.8821, 742.7561], [523.6441, 743.9888], [528.573, 745.5993], [533.5728, 746.7775], [536.9248, 742.489], [537.299, 737.6107], [539.255, 731.7268], [544.5523, 729.6827], [545.9734, 730.2341], [547.52, 730.24], [547.52, 730.24]]]}}, {"type": "Feature", "id": "mun_11428", "properties": {"id": "11428", "name": "Bosanska Krupa", "layer": "municipality", "center_svg": [118, 273], "population_1991": {"total": 38476, "bosniaks": 26343, "croats": 129, "serbs": 10944, "others": 1060}}, "geometry": {"type": "Polygon", "coordinates": [[[117.76, 203.2], [119.3239, 207.2386], [121.251, 211.3541], [125.1555, 211.8002], [127.9597, 214.348], [130.8911, 216.3181], [134.174, 215.802], [136.3098, 216.9419], [138.3884, 218.0599], [138.9934, 220.7872], [136.5435, 221.6967], [132.148, 224.3251], [126.797, 223.7168], [123.6171, 226.0735], [123.52, 230.72], [122.7354, 233.6583], [123.1413, 236.7554], [126.2354, 241.0133], [128.0169, 246.3771], [132.716, 250.8205], [138.2782, 254.4976], [140.6705, 256.9294], [142.3059, 259.9362], [143.6004, 263.107], [145.5638, 266.0031], [149.5988, 268.9668], [154.0023, 265.9849], [155.0407, 263.1041], [156.8, 262.4], [155.8903, 267.3383], [155.4761, 272.185], [152.3942, 272.0992], [149.3488, 273.5702], [145.7671, 277.1167], [141.3046, 278.1166], [137.6239, 281.2566], [136.6737, 286.9841], [131.1531, 288.2317], [125.4789, 287.1347], [119.9197, 287.2789], [116.2779, 292.0765], [110.3366, 293.331], [105.6937, 290.495], [101.9254, 286.8777], [98.6257, 282.6534], [98.4501, 278.6917], [95.4872, 277.5304], [90.575, 276.1514], [85.7463, 274.2809], [82.9922, 271.3114], [82.56, 267.0609], [82.6436, 264.276], [83.0061, 261.6724], [82.6297, 258.8278], [84.9939, 256.8537], [90.2177, 256.6706], [95.1871, 256.2241], [98.8934, 255.5], [97.92, 253.44], [95.758, 251.2188], [95.933, 248.584], [93.4116, 244.5539], [95.5266, 241.837], [96.3962, 237.3755], [95.8448, 232.423], [94.7796, 227.0757], [90.1771, 223.5678], [91.468, 218.462], [93.8946, 213.5289], [98.9197, 212.6873], [103.4301, 215.9501], [105.5746, 217.5193], [106.6213, 215.2621], [108.4116, 208.9312], [112.4198, 203.8791], [115.2486, 202.1426], [117.76, 203.2]]]}}, {"type": "Feature", "id": "mun_11436", "properties": {"id": "11436", "name": "Bosanski Petrovac", "layer": "municipality", "center_svg": [142, 328], "population_1991": {"total": 15232, "bosniaks": 3288, "croats": 48, "serbs": 11306, "others": 590}}, "geometry": {"type": "Polygon", "coordinates": [[[124.16, 286.72], [131.3704, 287.9424], [138.3827, 288.3792], [143.7307, 291.9908], [147.8101, 296.9558], [153.5448, 300.3243], [157.2637, 306.0681], [162.2736, 311.1287], [167.9706, 315.5814], [167.7231, 319.3709], [169.7639, 322.1226], [174.6876, 323.6218], [178.9264, 320.2985], [183.0421, 324.6744], [186.3956, 330.3663], [190.6082, 334.7161], [194.9103, 339.2276], [202.5167, 342.7078], [207.6924, 348.3617], [204.1972, 351.3004], [196.7854, 350.3946], [189.7282, 349.7605], [182.6957, 349.8518], [174.4269, 350.7324], [166.8024, 354.1594], [165.7495, 356.9408], [166.8555, 361.5839], [167.4177, 365.5949], [164.9456, 364.969], [158.0514, 363.0031], [150.5255, 363.4644], [145.5192, 362.042], [140.6937, 358.9915], [133.5344, 354.5653], [126.4548, 350.2512], [118.9801, 346.3553], [111.6228, 342.5143], [108.8162, 336.241], [103.4933, 333.0576], [100.6131, 327.7493], [99.5858, 321.1862], [97.4868, 314.4987], [96.5587, 308.5484], [100.81, 308.8047], [102.3813, 311.7908], [106.5309, 315.9621], [108.5272, 313.2195], [113.0811, 308.4429], [112.4948, 302.5628], [109.7351, 297.2601], [107.2611, 292.9427], [113.5365, 293.0007], [118.0573, 289.3717], [120.4726, 286.6792], [124.16, 286.72]]]}}, {"type": "Feature", "id": "mun_10146", "properties": {"id": "10146", "name": "Bosansko Grahovo", "layer": "municipality", "center_svg": [165, 442], "population_1991": {"total": 8311, "bosniaks": 12, "croats": 226, "serbs": 7888, "others": 185}}, "geometry": {"type": "Polygon", "coordinates": [[[138.8809, 402.5605], [135.4237, 405.3971], [131.4736, 405.8094], [126.9011, 409.285], [123.111, 414.2076], [125.9057, 418.3245], [124.3337, 420.0015], [121.1984, 425.2017], [119.6345, 431.9614], [123.9204, 436.8621], [128.6514, 442.2594], [133.7092, 447.3606], [137.9774, 453.1475], [139.0251, 458.8278], [144.7261, 460.4699], [150.5515, 461.5507], [152.2046, 466.6672], [157.3617, 469.8041], [163.3353, 472.4436], [162.9096, 480.2843], [166.3605, 484.7179], [173.38, 484.8901], [177.2793, 489.5996], [181.7283, 495.1699], [184.626, 501.5129], [189.074, 499.3894], [193.2436, 500.0939], [198.4222, 498.2932], [203.2059, 493.7438], [205.1077, 486.9538], [208.1604, 481.1708], [211.554, 479.4296], [215.1477, 479.8481], [213.2542, 474.137], [210.1386, 468.2483], [207.4186, 463.602], [203.3166, 459.6369], [201.3211, 455.3622], [197.9486, 451.3806], [196.0198, 449.1871], [198.554, 447.3215], [199.2256, 442.9221], [200.8545, 438.8286], [198.5926, 435.4749], [198.0801, 431.6797], [191.4335, 428.0321], [183.7776, 429.2746], [182.0379, 424.5772], [177.9405, 423.7878], [169.9893, 422.8028], [162.6353, 419.4425], [156.4418, 414.8694], [150.0817, 410.3025], [144.6647, 405.9755], [138.8809, 402.5605], [117.7598, 432.3203], [118.2114, 432.6298], [117.7598, 432.3203], [113.9199, 432.9609], [114.2754, 433.939], [114.4741, 432.9609], [113.9199, 432.9609], [138.8809, 402.5605]]]}}, {"type": "Feature", "id": "mun_20052", "properties": {"id": "20052", "name": "Bratunac", "layer": "municipality", "center_svg": [736, 435], "population_1991": {"total": 33619, "bosniaks": 21535, "croats": 40, "serbs": 11475, "others": 569}}, "geometry": {"type": "Polygon", "coordinates": [[[722.24, 420.16], [726.5073, 419.2595], [728.2988, 422.3157], [730.9504, 427.2816], [731.5143, 432.3245], [733.7357, 435.5787], [734.037, 439.3442], [735.296, 443.2059], [739.2914, 444.3038], [743.7338, 447.1201], [746.1128, 451.5772], [749.6484, 456.1496], [753.6, 454.72], [757.8671, 452.564], [757.7506, 456.501], [757.4168, 460.2914], [761.6, 461.44], [762.8513, 466.9629], [766.6206, 470.951], [772.3493, 472.3976], [776.0557, 476.5821], [777.9327, 479.4309], [779.2041, 476.5219], [780.3202, 472.877], [783.0229, 475.4255], [783.9088, 478.3003], [786.743, 477.724], [785.9653, 481.7104], [782.2142, 481.7305], [780.5372, 483.7555], [777.9544, 484.9672], [774.4727, 484.4341], [770.88, 484.48], [769.1889, 484.1665], [766.8812, 483.3749], [762.7403, 481.7623], [758.3591, 480.8134], [754.2936, 478.3797], [751.04, 477.44], [750.3571, 480.8779], [747.9386, 479.1994], [750.7094, 476.0759], [754.2391, 474.3713], [756.4432, 472.5036], [756.6276, 469.9812], [755.2931, 467.6957], [754.4908, 465.1251], [751.9659, 464.3109], [748.8849, 462.6071], [746.1429, 459.8278], [743.417, 460.2602], [740.2292, 459.559], [740.5382, 456.5488], [739.9401, 452.6798], [737.6372, 451.4502], [734.5024, 450.965], [731.4196, 451.105], [728.4707, 451.9538], [727.3423, 448.4465], [722.9867, 447.1967], [718.0148, 445.759], [713.2918, 445.55], [708.5714, 446.6158], [703.9949, 447.757], [701.4291, 450.5315], [699.0699, 445.4402], [695.0902, 441.6655], [693.6155, 439.0727], [690.9754, 437.8486], [686.7772, 434.2101], [684.1624, 430.0222], [685.0398, 427.6371], [685.12, 425.0332], [686.9657, 421.9928], [691.7839, 420.9506], [694.7794, 422.3204], [695.8842, 420.8674], [697.1565, 418.8869], [698.2655, 420.6238], [702.7594, 422.3336], [706.9338, 422.7644], [710.5476, 421.9139], [714.8488, 421.2432], [718.3972, 418.807], [722.24, 420.16], [722.24, 420.16]]]}}, {"type": "Feature", "id": "mun_30163", "properties": {"id": "30163", "name": "Brčko", "layer": "municipality", "center_svg": [617, 270], "population_1991": {"total": 87627, "bosniaks": 38617, "croats": 22252, "serbs": 18128, "others": 8630}}, "geometry": {"type": "Polygon", "coordinates": [[[620.48, 232.0], [623.057, 236.2224], [623.5134, 240.1097], [618.0536, 239.3467], [614.0177, 239.9992], [617.0166, 243.5347], [616.5964, 246.8559], [618.7034, 250.5774], [622.5214, 253.6851], [627.0076, 255.847], [630.3597, 259.4464], [635.8348, 262.7271], [642.6603, 262.7148], [650.8018, 263.3738], [658.9567, 263.1113], [662.281, 262.2297], [661.9603, 263.7606], [662.8884, 266.9022], [666.5379, 269.0911], [663.7502, 270.5521], [661.1768, 269.1735], [656.2127, 269.7665], [652.6997, 274.1773], [651.91, 278.637], [648.871, 281.8328], [647.8089, 284.1414], [645.2797, 285.0797], [641.8373, 283.7495], [639.3043, 283.9595], [635.4254, 283.111], [631.7814, 281.9535], [629.5311, 284.6034], [627.9109, 287.0953], [625.6511, 289.3965], [622.0922, 291.5073], [619.5276, 289.5118], [616.6967, 288.9206], [613.4735, 289.413], [611.0472, 291.2839], [606.1096, 293.7956], [602.6804, 298.2634], [599.2726, 297.9252], [596.249, 299.0022], [592.791, 296.8051], [589.473, 295.5651], [584.5024, 295.0263], [580.0532, 295.7864], [577.167, 292.0414], [574.685, 288.5703], [574.347, 285.3037], [572.1489, 282.9205], [572.3795, 278.2985], [568.7465, 275.0929], [569.8525, 271.4279], [574.2488, 271.8312], [578.7035, 269.4569], [582.5639, 266.9641], [586.8279, 263.0068], [589.0169, 256.7255], [590.6988, 253.3374], [593.0744, 250.7541], [594.8979, 247.5094], [597.3719, 244.5006], [602.3136, 242.7511], [604.8095, 238.7243], [605.89, 236.283], [609.1687, 235.7132], [611.8549, 236.1873], [614.5203, 234.7565], [617.4046, 233.1112], [620.48, 232.0], [620.48, 232.0]]]}}, {"type": "Feature", "id": "mun_10189", "properties": {"id": "10189", "name": "Breza", "layer": "municipality", "center_svg": [522, 483], "population_1991": {"total": 17317, "bosniaks": 13079, "croats": 851, "serbs": 2122, "others": 1265}}, "geometry": {"type": "Polygon", "coordinates": [[[539.52, 478.4], [540.5013, 479.1986], [540.4751, 480.8251], [540.6051, 482.6785], [540.7676, 484.4998], [540.6487, 486.3896], [540.6712, 488.1922], [540.6535, 489.5362], [541.0625, 490.8238], [539.6766, 491.4509], [539.058, 492.8083], [537.7616, 493.2727], [536.4621, 492.3183], [536.2999, 491.7027], [535.7536, 490.9292], [535.127, 490.4945], [535.1467, 491.9095], [534.9846, 493.4709], [534.4136, 495.028], [534.1208, 496.7153], [533.2495, 497.8852], [532.152, 498.7843], [531.9997, 500.2127], [531.1687, 501.0882], [530.33, 500.9592], [529.5361, 500.5268], [528.6329, 499.8479], [527.6185, 499.84], [526.3009, 500.105], [525.12, 499.52], [524.2589, 499.8458], [523.7729, 500.3463], [522.2252, 499.8993], [520.8706, 498.9953], [519.1701, 499.1747], [517.7795, 500.0336], [517.0953, 498.8432], [517.4627, 497.2927], [517.2167, 495.8418], [516.808, 494.535], [516.4449, 493.3537], [516.5078, 492.1422], [515.7571, 491.1285], [515.2378, 489.9786], [513.9299, 490.4072], [512.8242, 490.2682], [511.6414, 489.1909], [512.4279, 488.2121], [511.6165, 486.7152], [510.8959, 485.0856], [511.211, 484.2116], [511.04, 483.2911], [512.495, 482.767], [514.0161, 483.4983], [515.0937, 483.7324], [515.9828, 483.0558], [516.875, 481.8897], [517.3454, 480.3823], [518.6669, 479.6595], [520.1933, 479.3523], [521.9637, 479.1081], [523.6024, 478.3009], [524.5221, 478.8955], [525.7315, 479.3667], [526.5634, 480.4684], [526.1939, 481.8995], [526.8349, 482.6531], [528.3067, 482.8092], [529.7912, 483.1777], [530.5722, 484.3557], [531.7652, 485.2853], [533.2764, 484.9552], [534.6157, 484.3331], [535.0399, 483.0475], [535.545, 481.1314], [536.9599, 479.6038], [537.3865, 478.9173], [538.0848, 478.2188], [538.7632, 478.244], [539.52, 478.4], [539.52, 478.4]]]}}, {"type": "Feature", "id": "mun_20079", "properties": {"id": "20079", "name": "Brod", "layer": "municipality", "center_svg": [476, 198], "population_1991": {"total": 33744, "bosniaks": 4087, "croats": 13949, "serbs": 11124, "others": 4584}}, "geometry": {"type": "Polygon", "coordinates": [[[474.56, 187.52], [476.5302, 188.9405], [477.1239, 186.799], [479.9625, 184.7263], [483.2482, 185.9382], [484.7529, 189.1575], [484.8568, 192.2603], [483.1267, 193.9066], [484.3685, 195.4844], [487.7917, 197.4996], [490.1376, 200.7598], [493.4552, 201.4353], [496.9515, 200.32], [500.373, 201.8008], [503.9915, 202.88], [506.5403, 202.5297], [508.5996, 203.7102], [511.6336, 204.54], [514.113, 206.2909], [514.8374, 208.3306], [515.6693, 209.9051], [512.9446, 210.9644], [510.3596, 212.2081], [507.9244, 214.0301], [506.7221, 216.6118], [505.2372, 219.6382], [503.595, 222.5912], [500.0057, 222.8727], [496.2099, 222.8301], [493.7741, 222.7947], [491.9918, 221.1389], [488.6187, 220.6696], [485.662, 218.991], [481.5081, 219.1193], [477.5524, 219.8633], [475.2457, 219.3046], [475.3993, 217.26], [473.7995, 215.8876], [473.9343, 213.7005], [473.1789, 211.562], [471.5069, 211.0828], [469.4998, 212.6646], [467.6387, 214.3333], [464.5673, 213.3114], [461.1284, 213.44], [459.6842, 213.44], [458.24, 213.44], [456.4206, 214.9952], [454.4, 214.4], [452.7585, 214.5408], [450.9576, 214.0785], [451.3329, 211.6431], [450.3026, 209.9788], [450.4458, 208.0982], [451.0853, 206.5135], [453.2719, 204.1714], [455.9942, 202.4071], [456.6925, 199.5404], [455.646, 196.158], [458.1227, 193.4264], [462.1367, 192.878], [464.2368, 189.6163], [465.3369, 185.872], [467.7532, 183.4344], [470.8829, 182.3617], [473.4871, 184.1705], [474.56, 187.52]]]}}, {"type": "Feature", "id": "mun_10197", "properties": {"id": "10197", "name": "Bugojno", "layer": "municipality", "center_svg": [363, 483], "population_1991": {"total": 46889, "bosniaks": 19697, "croats": 16031, "serbs": 8673, "others": 2488}}, "geometry": {"type": "Polygon", "coordinates": [[[376.96, 449.92], [380.6282, 451.0396], [381.81, 455.31], [382.1684, 458.8655], [384.6993, 460.7887], [386.8461, 463.954], [388.1438, 467.5693], [390.4369, 468.0697], [390.1201, 469.4798], [389.3122, 471.4721], [390.7646, 472.8543], [392.9909, 474.1702], [394.3254, 476.6508], [393.3874, 479.3372], [395.1277, 481.4719], [393.0906, 483.9795], [390.2325, 484.4044], [387.716, 486.9701], [384.6639, 488.6335], [380.7593, 491.4515], [376.8663, 493.8059], [375.1909, 494.1384], [374.7, 495.688], [371.9478, 498.4603], [369.0077, 500.9086], [367.6558, 505.0683], [366.909, 509.3119], [367.4407, 512.9281], [368.0358, 516.525], [365.0141, 517.0047], [362.5146, 518.0796], [360.3283, 519.8849], [358.1442, 521.4328], [357.1098, 520.5593], [357.6786, 517.1018], [355.8161, 513.8526], [353.4238, 511.1323], [351.5796, 508.5323], [349.0985, 508.6508], [346.8875, 512.3794], [344.0, 513.28], [342.4246, 511.0428], [340.038, 509.3479], [340.0731, 506.6744], [339.1987, 504.056], [339.5109, 502.2912], [337.785, 500.985], [335.734, 496.0398], [334.5121, 490.812], [337.6392, 488.0474], [338.7863, 485.251], [341.2836, 482.8424], [343.8963, 480.1743], [346.0635, 476.5806], [350.0407, 474.4087], [350.8668, 473.1421], [352.4291, 473.8376], [355.1173, 470.4719], [358.2346, 467.7359], [356.1921, 467.3942], [355.4056, 468.5727], [354.0858, 468.0897], [352.5716, 467.2089], [351.728, 466.2539], [351.68, 464.8981], [353.1582, 461.6972], [356.32, 463.4017], [361.3842, 463.4557], [365.0369, 459.7464], [367.4255, 457.6919], [370.0802, 455.79], [372.0053, 454.9474], [372.4967, 452.5492], [374.2901, 450.2365], [375.9547, 448.9794], [376.3721, 449.5487], [376.96, 449.92], [376.96, 449.92]]]}}, {"type": "Feature", "id": "mun_10219", "properties": {"id": "10219", "name": "Busovača", "layer": "municipality", "center_svg": [444, 473], "population_1991": {"total": 18879, "bosniaks": 8451, "croats": 9093, "serbs": 623, "others": 712}}, "geometry": {"type": "Polygon", "coordinates": [[[453.12, 459.52], [453.6084, 461.1529], [453.4309, 462.6059], [453.4937, 464.9582], [455.0499, 465.7365], [456.1925, 466.2034], [456.5641, 467.0566], [458.9587, 467.1191], [460.9111, 468.0006], [461.6449, 470.2872], [463.51, 470.0491], [465.4568, 468.7241], [467.625, 469.0308], [469.5861, 470.0552], [471.2086, 471.1633], [471.1659, 472.4733], [468.8242, 473.1678], [466.5553, 473.9716], [464.3159, 474.738], [464.5155, 476.6126], [466.5422, 476.4395], [466.4656, 478.0321], [467.3211, 479.4712], [468.837, 480.6122], [467.9505, 482.0041], [466.8425, 482.9081], [466.0675, 483.8694], [465.202, 484.4028], [464.4375, 484.9935], [462.7494, 485.0392], [461.8483, 486.572], [459.9228, 488.1803], [457.7199, 489.0683], [455.5544, 488.9238], [453.728, 487.41], [452.3601, 486.5593], [453.6382, 484.7688], [452.5862, 483.5028], [450.7644, 482.5761], [448.3506, 483.0224], [446.5406, 484.6839], [444.8685, 486.5933], [443.1363, 488.401], [441.8725, 489.1248], [440.7352, 489.8336], [438.4632, 489.3767], [436.2508, 488.7925], [434.5048, 487.8084], [434.6772, 485.9172], [432.7687, 484.7078], [430.9685, 483.2355], [429.1308, 481.6215], [429.1144, 478.9191], [430.667, 477.2385], [432.3516, 475.2924], [433.6739, 473.0151], [432.926, 470.6744], [432.7995, 468.1161], [431.8651, 465.6845], [431.461, 463.0011], [432.2929, 460.4765], [433.6802, 458.3231], [435.8526, 457.4804], [437.7748, 457.8481], [439.4554, 457.0716], [440.002, 457.9264], [441.1257, 458.4058], [442.6565, 459.1885], [443.18, 458.3788], [443.5435, 456.3307], [443.1956, 454.5369], [443.3131, 452.9811], [444.4199, 452.1033], [445.4588, 450.3707], [447.3172, 451.2442], [449.7815, 451.8036], [451.5911, 453.2745], [452.4488, 455.8254], [453.9285, 458.1484], [453.4002, 458.746], [453.1201, 459.52], [453.12, 459.52]]]}}, {"type": "Feature", "id": "mun_11240", "properties": {"id": "11240", "name": "Bužim", "layer": "municipality", "center_svg": [96, 201], "population_1991": {"total": 16940, "bosniaks": 16680, "croats": 5, "serbs": 91, "others": 164}}, "geometry": {"type": "Polygon", "coordinates": [[[85.44, 185.28], [86.8126, 185.0716], [88.1476, 185.6969], [90.7305, 185.5285], [93.3021, 185.531], [92.7412, 187.5212], [93.412, 189.2648], [93.9114, 190.6161], [94.7412, 191.363], [96.5335, 191.0579], [98.0068, 191.5789], [99.5484, 192.188], [98.8839, 193.979], [98.8862, 196.1826], [100.3946, 196.7315], [102.4241, 196.5303], [104.64, 196.48], [105.0165, 197.192], [105.6177, 196.2739], [107.6045, 195.3524], [109.5808, 195.871], [110.8161, 194.9828], [111.7945, 195.797], [113.9595, 197.212], [115.7007, 199.0753], [117.1084, 199.9069], [117.179, 201.0023], [115.496, 201.9358], [114.4561, 203.4145], [112.6252, 203.9144], [111.5299, 205.5045], [109.6809, 206.6432], [108.48, 208.64], [107.5194, 210.9554], [106.7208, 213.3857], [106.6722, 215.7976], [105.4761, 217.7866], [103.9172, 216.3721], [102.1461, 215.392], [100.5223, 213.4729], [98.1697, 212.4295], [96.255, 212.4439], [94.1676, 213.3127], [92.9326, 215.7279], [91.7028, 218.0946], [90.7399, 219.8679], [90.1295, 221.8365], [90.0483, 223.1877], [88.995, 223.6185], [87.3259, 222.2119], [87.0317, 220.2837], [86.7053, 217.7103], [84.9439, 215.5174], [82.8137, 213.8737], [81.9013, 211.8775], [81.7044, 210.4217], [80.8958, 209.2224], [79.2832, 206.9437], [78.0426, 204.4262], [77.2022, 202.3767], [77.1154, 200.0566], [78.4078, 199.0451], [79.7326, 197.9293], [79.8856, 196.6704], [79.9936, 195.1783], [80.4779, 193.4643], [79.7364, 191.9729], [80.3552, 191.4806], [80.8737, 190.699], [82.3107, 190.5568], [83.4151, 189.0641], [83.1624, 187.3846], [83.0399, 185.751], [83.8464, 185.4965], [84.218, 184.8815], [84.853, 185.0097], [85.44, 185.28], [85.44, 185.28]]]}}, {"type": "Feature", "id": "mun_10227", "properties": {"id": "10227", "name": "Cazin", "layer": "municipality", "center_svg": [65, 222], "population_1991": {"total": 63409, "bosniaks": 61693, "croats": 139, "serbs": 778, "others": 799}}, "geometry": {"type": "Polygon", "coordinates": [[[63.68, 195.2], [66.1252, 196.8595], [68.2423, 199.2619], [71.3292, 202.0169], [75.0242, 202.5549], [76.8887, 202.2846], [77.5393, 203.6962], [79.1241, 206.6753], [81.0576, 209.3714], [81.8855, 212.3127], [83.9271, 214.6302], [86.5044, 217.4335], [86.8323, 220.9319], [88.75, 223.213], [91.5434, 224.7344], [94.5661, 226.6839], [96.3852, 229.8557], [95.8232, 233.9612], [96.5609, 238.0008], [95.95, 241.1236], [93.1482, 242.7461], [94.2519, 246.2596], [96.0, 249.4503], [93.8194, 249.7533], [91.5731, 247.1025], [88.0576, 245.152], [84.0843, 245.5034], [81.6547, 244.3164], [79.0548, 243.2194], [75.317, 243.7273], [71.794, 245.3084], [68.9675, 247.3269], [66.3191, 249.5209], [63.7661, 248.4812], [61.3634, 245.9952], [59.3872, 244.9202], [57.3678, 245.359], [54.9832, 243.3721], [53.1656, 240.8418], [53.9251, 237.4959], [55.7125, 235.0171], [53.3943, 232.593], [50.4547, 234.0104], [48.5532, 234.9092], [47.2976, 236.6814], [45.0042, 237.1808], [43.2991, 236.1764], [41.752, 234.3351], [40.7934, 231.5051], [40.9493, 228.1109], [41.6186, 224.7955], [41.7107, 221.1641], [41.5197, 217.8469], [39.7616, 214.8578], [38.4639, 211.5596], [37.2109, 207.5549], [36.4938, 203.4322], [34.9389, 201.6316], [35.7372, 200.2358], [38.3474, 198.0505], [40.8836, 197.4184], [42.9902, 197.9041], [44.0722, 194.8958], [45.9805, 196.6881], [48.1039, 198.473], [49.3658, 200.757], [50.4371, 202.748], [52.8052, 201.4875], [55.2809, 200.7191], [54.0885, 198.6321], [56.0, 198.08], [59.0252, 198.3681], [62.1662, 198.6577], [62.5297, 195.3954], [63.5547, 193.8384], [63.4933, 194.5453], [63.68, 195.2]]]}}, {"type": "Feature", "id": "mun_10839", "properties": {"id": "10839", "name": "Centar Sarajevo", "layer": "municipality", "center_svg": [550, 519], "population_1991": {"total": 79286, "bosniaks": 39761, "croats": 5428, "serbs": 16631, "others": 17466}}, "geometry": {"type": "Polygon", "coordinates": [[[557.12, 508.16], [557.1419, 509.7094], [556.8828, 511.1889], [555.6445, 512.021], [554.3295, 512.6588], [554.2637, 513.8535], [554.8969, 515.0408], [554.407, 516.4737], [554.2291, 517.9893], [553.5973, 518.5477], [553.3661, 519.0691], [554.8724, 519.4079], [556.3687, 519.6853], [557.357, 519.9961], [557.006, 521.2465], [556.4788, 522.099], [556.6175, 523.33], [556.0897, 523.9107], [555.0679, 525.1907], [554.661, 526.608], [554.477, 527.3079], [554.2475, 528.19], [553.4975, 529.6181], [552.9542, 531.0837], [552.4247, 532.832], [552.3201, 534.72], [552.1609, 535.5321], [551.6547, 536.192], [550.8347, 537.0914], [549.5101, 537.5169], [549.9267, 536.6235], [549.3718, 536.2329], [548.9187, 535.2514], [548.1387, 534.5244], [547.9093, 533.2797], [548.1955, 532.0641], [548.156, 530.9943], [548.1601, 529.92], [547.2234, 529.4743], [546.5253, 528.7187], [545.5109, 528.8296], [544.9378, 527.5489], [545.9792, 526.8441], [546.2532, 526.0125], [546.3949, 525.1859], [545.9616, 524.5215], [545.9844, 523.28], [545.0668, 522.1629], [544.8073, 521.3082], [545.3051, 520.5801], [545.7576, 518.8942], [546.9117, 517.677], [547.4485, 516.6843], [547.2806, 515.6583], [548.0634, 515.0593], [549.0984, 515.3379], [550.1621, 514.7646], [550.4771, 513.5481], [550.602, 512.859], [550.0252, 512.2651], [550.1952, 511.4749], [550.8589, 510.5707], [552.0505, 509.5809], [553.2879, 508.75], [554.5341, 508.2796], [555.7911, 507.7716], [556.9677, 507.469], [557.12, 508.16], [557.12, 508.16]]]}}, {"type": "Feature", "id": "mun_20630", "properties": {"id": "20630", "name": "Čajniče", "layer": "municipality", "center_svg": [686, 610], "population_1991": {"total": 8956, "bosniaks": 4024, "croats": 5, "serbs": 4709, "others": 218}}, "geometry": {"type": "Polygon", "coordinates": [[[715.52, 603.84], [716.0825, 606.7209], [716.4839, 610.2105], [715.9189, 613.6436], [715.5156, 617.1292], [715.8912, 620.1964], [713.9315, 621.5702], [710.237, 621.3026], [706.6665, 620.6154], [702.9256, 620.232], [699.0676, 620.2083], [695.7137, 620.6097], [692.5341, 622.6227], [689.9036, 623.947], [686.9579, 624.2379], [685.9047, 625.8903], [684.5643, 625.2771], [681.999, 626.2584], [679.2933, 626.9973], [676.6881, 629.0616], [675.52, 626.4039], [674.7652, 622.7564], [672.5111, 620.0312], [671.2579, 618.1079], [669.3726, 618.4131], [668.0961, 614.9802], [665.1286, 614.5793], [663.9839, 616.5179], [662.7658, 618.5785], [663.2366, 621.4377], [661.2813, 623.04], [657.6482, 623.9657], [657.2898, 622.1918], [655.1476, 621.1656], [653.5663, 619.3405], [652.3013, 615.6644], [652.7825, 612.7907], [652.3539, 611.0745], [651.2367, 610.0256], [655.2285, 609.906], [658.9556, 611.7829], [662.5099, 610.4203], [663.0778, 606.5108], [663.1572, 603.0455], [665.5791, 601.2397], [668.1687, 603.1234], [671.0327, 604.2189], [671.9429, 602.5153], [672.0117, 600.0446], [671.6987, 596.6733], [672.5046, 593.3998], [674.5002, 593.3641], [676.3985, 592.3113], [677.0799, 589.7164], [677.5986, 587.2], [681.12, 587.7576], [684.4007, 586.6636], [686.0534, 585.515], [687.9044, 585.6956], [690.504, 585.8721], [692.552, 588.0138], [692.1782, 590.8592], [693.6725, 593.5869], [695.6276, 592.8358], [697.2825, 593.6222], [700.5601, 594.5681], [704.1092, 593.7843], [707.9037, 594.4234], [711.2456, 595.0173], [712.8788, 593.3747], [714.5205, 594.6348], [714.9942, 596.9133], [716.349, 597.5614], [716.8274, 600.5477], [715.5706, 603.7133], [715.52, 603.84]]]}}, {"type": "Feature", "id": "mun_10243", "properties": {"id": "10243", "name": "Čapljina", "layer": "municipality", "center_svg": [407, 738], "population_1991": {"total": 27882, "bosniaks": 7672, "croats": 14969, "serbs": 3753, "others": 1488}}, "geometry": {"type": "Polygon", "coordinates": [[[399.68, 728.64], [400.7383, 729.1045], [399.821, 728.5944], [398.2803, 727.3692], [398.4443, 726.0827], [397.7642, 723.5983], [396.4943, 721.4807], [398.0378, 718.7729], [399.1728, 716.2589], [402.0412, 718.8772], [405.0991, 721.2316], [407.4218, 723.9353], [410.3506, 725.12], [411.902, 725.8268], [412.1843, 724.8503], [410.3752, 722.6176], [410.902, 719.4996], [412.1515, 716.86], [414.3067, 715.5865], [417.0662, 718.6463], [419.5743, 721.8631], [421.0154, 722.6231], [421.5728, 721.1169], [425.0445, 721.3759], [427.52, 720.3201], [430.0597, 718.5337], [432.4817, 718.9825], [434.7983, 718.6512], [435.9936, 717.0339], [437.8133, 716.4279], [439.2375, 715.3128], [441.1701, 716.3813], [442.6347, 718.908], [442.3159, 721.4447], [440.3058, 723.6912], [438.8224, 726.4576], [436.4168, 728.3848], [434.6764, 730.0028], [435.1966, 731.8362], [434.5586, 733.9811], [433.4543, 736.5826], [432.0814, 738.603], [432.6233, 740.6327], [430.0731, 742.3656], [428.246, 744.5661], [428.7605, 745.7573], [429.5724, 747.4657], [431.663, 749.6084], [431.3442, 752.1564], [429.7422, 755.152], [427.4707, 755.5555], [425.0579, 753.1134], [421.257, 752.4136], [420.3399, 751.3604], [419.5457, 752.4395], [422.0361, 754.1761], [424.4411, 756.2015], [427.166, 757.4343], [429.7657, 758.9942], [432.2517, 760.8232], [434.8417, 762.5031], [436.6818, 764.4998], [436.1896, 767.0352], [433.1389, 766.6855], [430.148, 765.8871], [427.5921, 764.5457], [425.5426, 765.0958], [422.7213, 764.138], [419.7957, 763.3949], [418.2766, 762.8036], [417.2547, 763.7199], [414.8193, 762.366], [412.4111, 760.853], [410.8343, 760.1046], [410.9664, 762.2854], [412.6108, 763.2167], [411.9424, 764.2396], [409.3427, 764.892], [407.0447, 764.1821], [405.9924, 761.466], [404.16, 759.0401], [402.6453, 754.939], [401.0233, 750.8466], [399.3002, 746.3702], [397.2991, 742.0866], [395.2866, 740.3403], [395.6141, 737.9289], [394.2371, 736.1156], [395.2126, 734.2608], [397.5517, 731.5133], [399.4526, 728.3807], [399.68, 728.64]]]}}, {"type": "Feature", "id": "mun_11231", "properties": {"id": "11231", "name": "Čelić", "layer": "municipality", "center_svg": [609, 298], "population_1991": {"total": 12445, "bosniaks": 9399, "croats": 1206, "serbs": 1572, "others": 268}}, "geometry": {"type": "Polygon", "coordinates": [[[618.2411, 288.3206], [615.9944, 289.2724], [613.8609, 289.0911], [612.0894, 290.108], [610.5614, 291.2783], [609.0752, 291.8086], [607.3602, 292.9219], [605.9947, 294.0382], [605.0816, 295.385], [603.347, 296.6156], [602.6049, 298.3956], [600.6329, 298.3498], [598.9937, 297.374], [597.2783, 298.6409], [595.2001, 298.5608], [594.1747, 300.0152], [594.1033, 302.0755], [594.4711, 304.1781], [594.1639, 306.4917], [593.5738, 308.8141], [592.6478, 311.082], [593.2139, 313.2129], [592.4087, 315.4882], [594.0202, 317.3728], [595.3759, 319.5645], [596.7297, 320.9943], [598.0809, 322.5608], [600.891, 323.0279], [603.3671, 324.3156], [604.3762, 326.49], [606.1556, 327.9894], [608.4857, 328.6785], [610.8218, 329.0457], [612.8639, 328.5708], [614.4349, 330.6139], [616.2579, 331.0834], [617.5907, 332.3511], [618.5039, 331.7795], [617.4327, 331.0176], [615.595, 329.1968], [614.0384, 327.1684], [612.8597, 324.8945], [611.3526, 322.7015], [611.0671, 320.311], [611.6962, 318.0324], [612.4837, 315.378], [612.8082, 312.6349], [613.0954, 309.9212], [614.3494, 307.5451], [616.6404, 306.0047], [619.1342, 304.7699], [621.3159, 303.755], [623.6728, 303.2132], [626.0949, 302.7003], [628.4908, 301.9931], [629.8332, 299.9378], [630.4247, 297.3696], [630.8452, 295.0147], [631.1188, 292.5214], [629.2481, 290.9407], [626.8566, 290.2445], [624.6288, 289.5278], [622.5333, 291.2954], [620.2855, 291.2125], [619.6829, 289.276], [619.297, 288.4364], [618.2411, 288.3206], [619.8407, 332.1605], [621.1917, 333.9416], [622.7537, 333.5817], [621.2739, 332.9308], [619.8407, 332.1605], [618.2411, 288.3206]]]}}, {"type": "Feature", "id": "mun_20648", "properties": {"id": "20648", "name": "Čelinac", "layer": "municipality", "center_svg": [360, 298], "population_1991": {"total": 18713, "bosniaks": 1446, "croats": 76, "serbs": 16554, "others": 637}}, "geometry": {"type": "Polygon", "coordinates": [[[379.84, 275.84], [383.9614, 277.7644], [383.7445, 282.6434], [385.2998, 286.1413], [386.7884, 289.8238], [390.6762, 290.8577], [394.6002, 291.6058], [395.2677, 293.3057], [394.4552, 295.7181], [392.802, 298.8865], [390.2474, 300.3726], [388.8226, 302.0907], [386.56, 302.08], [386.1625, 304.4484], [384.7604, 306.1549], [384.2259, 309.5578], [386.5029, 311.9986], [385.6027, 315.4305], [382.241, 316.0752], [377.949, 316.503], [373.7599, 315.52], [370.3942, 317.2284], [367.753, 319.8033], [365.0269, 318.5671], [362.2399, 318.72], [360.6242, 317.2348], [359.3092, 315.2], [356.1147, 312.8334], [352.6399, 312.96], [351.8665, 309.9974], [352.1168, 307.1128], [349.1164, 307.2327], [346.724, 309.1539], [342.9051, 309.6141], [339.7391, 307.9463], [338.4305, 308.1523], [339.3546, 309.2828], [337.1388, 312.7436], [334.5344, 315.6539], [331.9796, 317.5254], [331.0129, 320.1652], [329.695, 321.878], [327.3599, 320.96], [325.4853, 319.3092], [323.5199, 318.4], [320.2912, 319.4834], [319.7232, 317.6293], [320.1253, 315.5048], [318.9899, 312.6918], [316.8254, 310.2998], [317.7021, 309.3822], [320.2231, 310.0705], [321.5999, 308.8838], [322.8738, 307.9833], [324.7999, 306.3238], [325.5615, 301.5072], [327.5594, 297.229], [328.7854, 294.7055], [331.129, 293.7643], [333.3669, 291.4736], [332.4222, 289.4999], [331.7389, 285.2746], [330.4222, 281.4158], [333.5813, 279.3455], [337.6806, 279.592], [339.5065, 280.8507], [341.2103, 282.5521], [343.3509, 283.0741], [345.8143, 283.4542], [347.788, 282.1698], [350.2653, 281.5537], [353.5699, 280.0429], [357.1199, 281.28], [359.8359, 281.3138], [360.3199, 279.36], [360.5605, 277.0963], [362.2505, 275.0989], [365.3206, 277.6691], [368.2014, 280.1754], [370.3718, 281.7304], [371.6499, 280.7742], [372.326, 278.7109], [373.7973, 279.3821], [375.792, 278.8006], [377.3288, 277.2769], [377.6462, 275.2376], [379.84, 275.84]]]}}, {"type": "Feature", "id": "mun_10260", "properties": {"id": "10260", "name": "Čitluk", "layer": "municipality", "center_svg": [405, 699], "population_1991": {"total": 15083, "bosniaks": 111, "croats": 14823, "serbs": 19, "others": 130}}, "geometry": {"type": "Polygon", "coordinates": [[[399.36, 686.08], [401.66, 687.3869], [404.2003, 688.2153], [406.9515, 688.3833], [409.4398, 689.2676], [411.1029, 691.8254], [412.9977, 694.1763], [415.4935, 695.3026], [418.3577, 694.3733], [421.5752, 694.3106], [424.6253, 694.7476], [426.0337, 696.8943], [425.3952, 699.4841], [425.207, 701.5437], [426.1319, 703.1248], [428.5227, 704.9137], [429.8167, 707.3819], [429.477, 708.5554], [427.5762, 709.9873], [425.9612, 712.6183], [424.4691, 715.2285], [426.2291, 718.1342], [425.4552, 720.9141], [422.8912, 720.9929], [421.4716, 722.3004], [419.3927, 721.4883], [417.5993, 719.0305], [415.4637, 717.1234], [413.811, 715.4873], [411.6932, 717.5777], [410.5298, 720.3508], [410.4419, 722.8858], [411.931, 724.571], [412.0507, 725.793], [410.3661, 725.1046], [407.8316, 724.3455], [405.8759, 722.0318], [403.2196, 719.9752], [401.7397, 717.6932], [402.4031, 715.7881], [400.2484, 714.4514], [397.9326, 712.3815], [397.5779, 709.898], [394.9049, 709.42], [394.1449, 707.6826], [392.7162, 706.8057], [391.1311, 706.6777], [389.0162, 705.3729], [386.8718, 704.0502], [385.1898, 701.9156], [382.9489, 700.3889], [383.8735, 698.2146], [385.8836, 698.3727], [386.7175, 696.3495], [385.9787, 693.9258], [384.5501, 692.4318], [382.9991, 691.1853], [384.5754, 689.2969], [386.3975, 687.4826], [387.6495, 685.4143], [389.5282, 685.7122], [390.6572, 686.2998], [391.4987, 685.6041], [393.6126, 685.7227], [394.4131, 683.4606], [396.9395, 684.056], [399.0842, 685.8117], [399.36, 686.08]]]}}, {"type": "Feature", "id": "mun_20133", "properties": {"id": "20133", "name": "Derventa", "layer": "municipality", "center_svg": [451, 236], "population_1991": {"total": 56489, "bosniaks": 7086, "croats": 21952, "serbs": 22938, "others": 4513}}, "geometry": {"type": "Polygon", "coordinates": [[[440.0, 211.52], [444.7055, 210.5853], [448.9777, 208.124], [450.5816, 209.0898], [451.5578, 211.114], [451.0742, 213.6587], [453.1981, 214.5393], [454.4695, 214.5744], [455.8704, 215.2648], [460.3351, 213.5619], [465.2408, 213.0077], [467.5237, 213.956], [469.1633, 212.8286], [472.0886, 211.0172], [473.4719, 213.2342], [473.7534, 215.5001], [475.2795, 217.1141], [475.8445, 219.5918], [479.1748, 219.9982], [484.277, 218.8772], [489.051, 220.8117], [492.7293, 222.0844], [491.5424, 225.7316], [488.2577, 229.5334], [484.1189, 232.2958], [482.0555, 234.5389], [483.7379, 236.7816], [481.5873, 239.0779], [480.0091, 241.6443], [480.1527, 243.3832], [478.6699, 243.1767], [477.822, 245.7697], [476.5621, 247.6705], [476.4802, 251.3104], [475.0365, 254.5824], [470.027, 254.592], [465.6566, 255.895], [465.759, 259.1738], [465.899, 263.218], [465.6725, 266.7379], [462.7803, 267.9994], [460.4106, 269.8736], [458.7448, 273.0035], [457.6869, 276.7681], [457.707, 280.64], [455.5673, 277.9828], [455.8211, 273.2544], [455.4156, 271.6904], [452.5465, 273.4725], [447.9468, 275.1624], [443.0912, 276.326], [437.4369, 274.3346], [432.8647, 270.5296], [431.5573, 268.8724], [431.1974, 267.2966], [430.6094, 264.175], [429.5674, 262.4639], [431.1906, 260.0151], [430.4051, 257.2935], [430.3835, 256.3265], [430.7061, 254.8945], [428.3573, 253.4976], [429.1974, 252.6806], [428.1426, 250.7659], [426.7963, 249.6444], [426.6376, 247.3088], [426.8013, 245.2884], [426.043, 243.5164], [425.045, 241.3378], [426.2453, 238.2902], [428.9155, 236.6188], [428.2872, 234.5839], [427.9757, 232.2275], [427.7903, 230.3683], [426.0454, 230.18], [425.6435, 227.6628], [424.9342, 225.2917], [425.8677, 222.0766], [426.09, 218.7509], [425.8121, 216.9211], [421.9423, 217.9539], [422.1438, 213.0185], [424.0605, 208.7696], [427.0965, 205.949], [428.026, 202.3387], [431.1718, 205.4375], [434.5959, 208.6018], [437.1273, 210.4335], [439.9997, 211.52], [440.0, 211.52]]]}}, {"type": "Feature", "id": "mun_20141", "properties": {"id": "20141", "name": "Doboj", "layer": "municipality", "center_svg": [474, 271], "population_1991": {"total": 95213, "bosniaks": 29203, "croats": 10676, "serbs": 47133, "others": 8201}}, "geometry": {"type": "Polygon", "coordinates": [[[493.4395, 222.7207], [487.9913, 229.4694], [481.9199, 235.1992], [481.8951, 238.8574], [480.1638, 243.4615], [477.7794, 244.2971], [477.9625, 247.2998], [476.3375, 251.5708], [473.1464, 255.0129], [466.4548, 255.3464], [466.5606, 261.1191], [465.5502, 266.3564], [461.1433, 268.332], [458.4453, 274.4842], [457.1911, 280.773], [455.8475, 274.5849], [453.2189, 273.1212], [443.8566, 276.1023], [435.2439, 272.3558], [431.2257, 268.1573], [427.6844, 268.279], [422.3128, 272.3548], [419.8693, 278.4126], [420.0643, 282.7152], [420.8008, 287.6797], [420.7598, 290.7377], [422.8545, 292.7636], [424.5251, 297.2276], [428.4078, 297.0266], [433.1128, 299.7561], [434.2402, 304.6406], [433.4694, 308.0176], [435.5193, 310.2756], [438.987, 310.6392], [442.1068, 306.4082], [445.0009, 306.1239], [448.7104, 306.5056], [451.5814, 304.9282], [454.4463, 300.2395], [461.4238, 298.2495], [469.4505, 298.9934], [477.0524, 300.7077], [482.2994, 305.9551], [482.2863, 310.5812], [482.7458, 314.7882], [484.6009, 318.043], [487.0836, 320.5261], [488.3699, 326.1141], [486.5355, 330.653], [487.5328, 334.8673], [488.3398, 338.9209], [493.2251, 336.4495], [498.6411, 334.8359], [507.8366, 332.2033], [514.8809, 336.0], [521.3332, 338.1309], [525.2913, 336.6646], [521.8146, 329.1274], [515.736, 325.2855], [516.1668, 319.0053], [517.6252, 314.8166], [518.7577, 310.3818], [519.6377, 306.0103], [512.6728, 304.9317], [506.6148, 301.6695], [504.4513, 300.3018], [502.6003, 298.8074], [496.6774, 298.6806], [496.7432, 293.1176], [497.186, 286.8317], [502.0801, 283.8398], [510.3192, 280.7299], [518.7512, 281.1373], [526.5915, 282.5935], [531.1144, 278.1654], [534.6065, 273.084], [532.4591, 269.6707], [528.2489, 269.4518], [523.9259, 269.994], [516.6366, 265.9137], [509.7481, 263.0921], [501.4205, 260.5587], [495.0997, 254.2594], [492.818, 250.1499], [492.3406, 244.6657], [495.6758, 237.9946], [496.0245, 229.8801], [494.0331, 226.5727], [493.4395, 222.7207], [493.4395, 222.7207]]]}}, {"type": "Feature", "id": "mun_11258", "properties": {"id": "11258", "name": "Doboj-Istok", "layer": "municipality", "center_svg": [507, 292], "population_1991": {"total": 9038, "bosniaks": 8828, "croats": 7, "serbs": 90, "others": 113}}, "geometry": {"type": "Polygon", "coordinates": [[[502.0792, 283.8392], [501.9599, 285.197], [502.3503, 286.4087], [502.4049, 287.5406], [502.3992, 288.6873], [502.9342, 289.855], [503.6682, 290.9345], [504.1778, 292.1304], [505.5648, 291.8806], [506.8277, 291.173], [508.2978, 290.9966], [509.2663, 291.4904], [510.3553, 291.3162], [511.4742, 290.651], [512.5855, 289.9848], [513.4195, 289.6562], [513.5915, 290.4409], [514.4167, 291.6678], [515.8885, 292.1593], [515.9323, 292.7216], [515.8323, 293.5656], [516.3156, 294.8525], [516.3374, 296.1745], [515.7115, 297.1538], [515.4756, 298.2828], [515.0124, 299.4851], [514.8868, 300.8149], [514.4372, 302.0802], [513.4303, 302.972], [512.9718, 304.0816], [512.3174, 305.1098], [511.3257, 305.748], [510.7116, 305.0928], [510.1316, 304.1949], [509.105, 304.3333], [508.4849, 303.6908], [507.8978, 303.0468], [507.0811, 302.8871], [507.2023, 302.1808], [506.5208, 301.3303], [505.6236, 300.7993], [504.981, 299.9514], [504.0601, 300.664], [503.2452, 300.0078], [502.7191, 298.8178], [502.122, 299.0468], [501.1959, 299.5341], [500.0276, 299.4653], [498.8708, 299.4666], [497.973, 299.2146], [497.114, 299.4367], [496.1831, 298.4333], [495.4637, 297.1771], [495.1373, 295.9629], [495.7863, 294.854], [496.4031, 293.5996], [497.1614, 292.4299], [497.2335, 290.6859], [496.6894, 289.0282], [496.4682, 287.7483], [497.0142, 286.6092], [497.931, 285.4072], [499.0214, 284.3365], [500.2787, 283.8326], [501.6842, 283.8393], [502.0792, 283.8392]]]}}, {"type": "Feature", "id": "mun_11266", "properties": {"id": "11266", "name": "Doboj-Jug", "layer": "municipality", "center_svg": [480, 314], "population_1991": {"total": 3259, "bosniaks": 3045, "croats": 97, "serbs": 19, "others": 98}}, "geometry": {"type": "Polygon", "coordinates": [[[481.9199, 304.3209], [482.4936, 304.6724], [482.3963, 305.2848], [482.2464, 306.0755], [482.0009, 306.7944], [481.9077, 307.7407], [481.9283, 308.7187], [482.1681, 309.2971], [482.5558, 309.7915], [482.7517, 310.2956], [482.8799, 310.8261], [482.8799, 311.5735], [482.8799, 312.3209], [482.574, 312.9021], [482.2691, 313.4263], [482.2207, 314.2216], [482.88, 314.8809], [482.4137, 315.5241], [481.809, 315.8378], [481.3371, 316.1921], [480.8998, 316.4759], [480.2901, 316.4814], [479.68, 316.4809], [479.0462, 316.9492], [478.5307, 317.5006], [477.7382, 317.0773], [477.2707, 316.1563], [477.415, 315.2314], [477.6888, 314.4188], [478.08, 313.678], [478.08, 312.8394], [478.08, 312.0009], [477.7451, 311.3211], [477.7618, 310.5027], [477.5769, 309.6518], [477.2928, 308.8213], [477.035, 308.0227], [476.5941, 307.3072], [476.5031, 306.6724], [477.035, 306.2978], [476.6258, 305.7467], [477.2274, 305.4934], [477.6537, 305.0671], [478.0799, 304.6409], [478.9121, 304.5254], [479.7243, 304.3209], [480.6399, 304.3209], [481.1798, 303.984], [481.7718, 304.1727], [481.9199, 304.3209]]]}}, {"type": "Feature", "id": "mun_11274", "properties": {"id": "11274", "name": "Dobretići", "layer": "municipality", "center_svg": [361, 396], "population_1991": {"total": 4790, "bosniaks": 3, "croats": 4720, "serbs": 6, "others": 61}}, "geometry": {"type": "Polygon", "coordinates": [[[340.16, 371.2], [342.6094, 371.2771], [345.1268, 371.1015], [346.6818, 372.216], [347.703, 374.2122], [349.5402, 375.0121], [351.4837, 375.4855], [352.6258, 377.5936], [354.3125, 379.1091], [356.0263, 380.7294], [357.2677, 382.8989], [359.0859, 384.2758], [360.926, 385.6262], [362.3862, 387.7091], [363.7346, 389.7781], [365.1901, 391.0566], [366.8284, 391.746], [368.1997, 393.3813], [369.5863, 394.956], [370.3323, 396.8705], [371.5809, 398.5416], [372.3949, 400.0468], [372.1643, 401.7336], [370.8054, 402.8791], [368.8702, 401.5294], [367.3644, 400.7155], [365.908, 401.1085], [364.5024, 400.0547], [363.6643, 398.5587], [361.9897, 396.7404], [360.1627, 396.3272], [359.1435, 396.0657], [359.3948, 397.8425], [359.9432, 399.9216], [360.9033, 401.8432], [361.0606, 403.4691], [360.8197, 405.1383], [358.8015, 405.373], [356.9891, 404.3459], [355.6085, 403.1254], [354.9897, 401.7097], [354.248, 399.2925], [353.4593, 396.8809], [352.5067, 394.7299], [351.8716, 392.4834], [350.7498, 390.9468], [350.3319, 389.0601], [349.8449, 386.8378], [348.9223, 384.7633], [347.6277, 383.7053], [346.3729, 383.094], [346.4648, 381.345], [345.5286, 379.5424], [344.4396, 377.7729], [343.2316, 376.0847], [340.7834, 375.1623], [338.685, 373.5649], [337.697, 372.309], [338.1921, 370.8657], [338.9709, 370.3796], [340.16, 371.2], [340.16, 371.2]]]}}, {"type": "Feature", "id": "mun_11282", "properties": {"id": "11282", "name": "Domaljevac-Šamac", "layer": "municipality", "center_svg": [570, 200], "population_1991": {"total": 6343, "bosniaks": 8, "croats": 5918, "serbs": 307, "others": 110}}, "geometry": {"type": "Polygon", "coordinates": [[[584.96, 205.12], [585.2466, 205.9895], [585.5154, 206.8448], [585.3296, 208.2291], [585.9161, 209.5508], [585.0519, 210.7237], [583.7653, 211.4353], [583.9553, 212.5375], [583.04, 213.12], [583.2174, 214.1902], [582.6302, 214.8098], [581.4412, 215.4101], [580.1318, 215.0867], [579.2883, 215.7272], [579.7337, 216.6935], [579.2741, 217.8433], [578.3415, 218.37], [577.5026, 217.1675], [576.5833, 215.9716], [574.9575, 215.123], [573.3612, 214.2703], [571.9438, 213.5784], [570.5731, 212.786], [569.0953, 212.0721], [567.5072, 211.4357], [565.9468, 210.4842], [564.5273, 209.3325], [563.6167, 208.1354], [562.5659, 207.0459], [563.6399, 206.72], [564.433, 206.7789], [565.162, 207.0519], [565.9337, 207.4724], [566.7784, 207.7557], [568.0163, 207.5772], [569.2025, 206.797], [570.6361, 206.9284], [571.212, 208.2119], [571.0872, 209.6777], [571.221, 211.0579], [572.1606, 211.2216], [572.4584, 210.0271], [572.5859, 208.9253], [572.4803, 207.6801], [572.4651, 206.6038], [573.0637, 205.4815], [574.1636, 204.715], [575.054, 203.6789], [575.2181, 202.8654], [574.7515, 202.1707], [573.707, 201.1208], [572.29, 200.6401], [571.2597, 199.8018], [571.6082, 198.6274], [572.984, 197.8132], [574.5345, 197.9872], [575.4943, 198.9792], [576.5475, 199.9063], [577.6025, 200.8574], [578.5366, 201.81], [578.8535, 203.35], [579.2671, 204.875], [579.9306, 205.0168], [580.5121, 204.4484], [581.0365, 203.8629], [581.1759, 203.0962], [581.1952, 201.8119], [580.4804, 200.6401], [579.0002, 199.4624], [578.3802, 197.9193], [579.8099, 197.4803], [581.3273, 198.0635], [582.3079, 198.5845], [582.8995, 199.5392], [583.45, 200.0897], [584.0004, 200.6401], [584.9143, 201.5249], [584.6313, 202.9477], [584.772, 204.0448], [584.9603, 205.12], [584.96, 205.12]]]}}, {"type": "Feature", "id": "mun_10294", "properties": {"id": "10294", "name": "Donji Vakuf", "layer": "municipality", "center_svg": [341, 451], "population_1991": {"total": 24372, "bosniaks": 13509, "croats": 682, "serbs": 9364, "others": 817}}, "geometry": {"type": "Polygon", "coordinates": [[[345.28, 424.0], [347.4706, 426.1923], [349.555, 428.0325], [352.7479, 426.7753], [356.0683, 426.5907], [358.6886, 427.7365], [359.4359, 430.5517], [361.7064, 433.0532], [364.4099, 432.3407], [367.2772, 432.6359], [369.3563, 434.1815], [369.0648, 437.7577], [367.9774, 441.0791], [366.5891, 444.0937], [368.5257, 446.1177], [372.2332, 446.4818], [375.4518, 448.5555], [374.2198, 450.5362], [372.6244, 452.4862], [372.0783, 454.8061], [370.4115, 455.6155], [367.8595, 457.4627], [365.2652, 459.1345], [363.2727, 462.2818], [359.9119, 463.9329], [356.2605, 463.1196], [353.1545, 461.296], [351.6811, 463.7064], [351.6103, 466.3076], [352.8176, 467.1459], [354.2655, 467.7558], [355.0972, 468.5983], [355.9188, 466.9724], [357.5317, 467.7869], [357.76, 468.8], [354.5911, 470.7572], [352.6407, 473.7315], [351.2876, 473.2402], [350.1151, 473.6239], [347.3728, 475.8988], [344.291, 478.3298], [342.592, 481.2088], [340.7097, 484.1961], [339.0212, 485.3015], [339.6587, 486.9086], [336.734, 488.4309], [333.0939, 488.8095], [332.3923, 487.5559], [331.1789, 487.3785], [330.9755, 484.633], [328.5615, 483.5392], [328.7254, 481.684], [328.7903, 479.6298], [325.9131, 477.2332], [324.4466, 473.5678], [324.5338, 469.5053], [326.3493, 465.6271], [327.6317, 462.4376], [329.2311, 459.3892], [330.437, 455.9421], [331.2282, 452.4277], [331.6813, 449.039], [332.0827, 445.6331], [331.2093, 442.425], [330.161, 439.2427], [326.5149, 435.6569], [322.7601, 432.2], [321.9778, 429.5759], [322.8635, 430.0469], [325.3627, 433.1895], [328.32, 432.7903], [329.9605, 429.8788], [332.3336, 427.0107], [333.6035, 425.5948], [336.2784, 425.2728], [339.0291, 424.6573], [341.7965, 423.9851], [343.6193, 423.4519], [345.28, 424.0]]]}}, {"type": "Feature", "id": "mun_20150", "properties": {"id": "20150", "name": "Donji Žabar", "layer": "municipality", "center_svg": [607, 234], "population_1991": {"total": 4138, "bosniaks": 14, "croats": 1337, "serbs": 2716, "others": 71}}, "geometry": {"type": "Polygon", "coordinates": [[[590.72, 225.28], [592.2975, 226.0769], [593.8616, 226.9097], [595.43, 227.7232], [597.0098, 228.4863], [598.6354, 229.4791], [600.3742, 230.5957], [601.3033, 231.0932], [602.1904, 231.149], [603.6597, 232.2055], [605.2438, 232.9929], [606.7509, 233.7661], [608.2561, 234.506], [609.1068, 235.3571], [608.64, 236.48], [606.595, 236.3157], [604.5803, 236.1953], [604.9141, 237.0453], [604.7655, 237.9795], [604.311, 239.5285], [603.898, 241.0712], [603.4827, 242.1337], [602.0329, 242.9222], [599.9672, 243.7175], [597.9401, 244.481], [596.6848, 244.9744], [596.5781, 246.1219], [595.0934, 245.2567], [593.6333, 245.7014], [592.3944, 244.6207], [590.9309, 244.0011], [590.2453, 242.2622], [588.8, 241.1112], [588.5716, 239.8151], [588.7373, 238.5328], [588.3273, 237.4695], [588.8091, 236.612], [589.2238, 235.0953], [589.4358, 233.4755], [590.4713, 232.7422], [591.5464, 231.824], [591.7987, 230.3558], [590.2089, 230.2396], [589.1681, 229.2656], [590.4078, 228.181], [590.8603, 226.821], [589.3379, 226.5951], [588.2683, 226.0547], [586.9967, 226.1189], [586.0372, 226.3038], [585.2063, 226.0118], [584.3834, 226.6981], [583.7009, 226.5153], [583.1475, 225.4995], [582.1611, 226.1587], [581.0169, 225.4329], [579.73, 224.7457], [578.0718, 224.1461], [577.4924, 222.8229], [578.9211, 221.6635], [578.3817, 220.4554], [577.991, 219.0606], [579.5523, 219.221], [581.1843, 220.7109], [582.8686, 221.9455], [584.8751, 223.0083], [586.9992, 223.7994], [588.6948, 224.4744], [590.4302, 225.1097], [590.72, 225.28]]]}}, {"type": "Feature", "id": "mun_11614", "properties": {"id": "11614", "name": "Drvar", "layer": "municipality", "center_svg": [170, 398], "population_1991": {"total": 15343, "bosniaks": 29, "croats": 31, "serbs": 14846, "others": 437}}, "geometry": {"type": "Polygon", "coordinates": [[[148.8, 363.52], [153.9904, 363.0417], [159.1187, 363.4918], [163.9197, 364.1058], [167.678, 367.3247], [171.5961, 370.9172], [176.32, 373.76], [181.0621, 377.9187], [185.8565, 382.009], [190.5284, 385.3878], [195.0924, 388.872], [198.7344, 393.0994], [203.9528, 394.581], [207.9613, 397.661], [211.0387, 401.5004], [212.7526, 406.4766], [211.3923, 411.3535], [207.0464, 415.51], [201.3795, 417.4975], [198.6989, 419.8914], [196.1504, 422.6604], [194.6756, 426.953], [191.7447, 427.9884], [187.8956, 428.2033], [184.4371, 429.5252], [182.292, 425.3112], [178.7706, 423.3495], [173.0523, 423.6496], [167.4401, 421.827], [163.0643, 419.823], [158.8874, 417.5981], [155.017, 413.2444], [150.0608, 410.266], [146.2385, 407.6759], [143.1394, 404.3891], [139.7649, 402.5983], [137.9823, 399.5157], [136.5434, 394.6268], [137.5931, 389.9313], [134.469, 386.7253], [130.7075, 386.6804], [131.7156, 381.9344], [130.0068, 378.8154], [133.3511, 375.9743], [133.6673, 372.9549], [130.2573, 369.8087], [132.2742, 365.9949], [135.7127, 361.7421], [136.64, 356.48], [141.3044, 359.2675], [145.7652, 362.0572], [146.9386, 363.4608], [148.8, 363.52], [148.8, 363.52]]]}}, {"type": "Feature", "id": "mun_11444", "properties": {"id": "11444", "name": "Foča (FBIH)", "layer": "municipality", "center_svg": [619, 601], "population_1991": {"total": 5158, "bosniaks": 3632, "croats": 1, "serbs": 1457, "others": 68}}, "geometry": {"type": "Polygon", "coordinates": [[[601.6, 582.08], [604.4038, 583.5143], [606.5454, 585.9114], [608.27, 585.4669], [608.7551, 587.0231], [611.5779, 588.585], [614.3477, 589.5382], [617.4478, 588.7306], [619.3801, 590.7398], [619.7857, 594.0576], [621.3193, 597.0208], [623.5817, 597.6527], [626.3536, 596.6864], [628.0725, 595.4606], [630.2088, 595.5475], [632.292, 598.0965], [635.674, 598.3765], [638.7644, 599.6157], [638.9556, 601.8922], [638.3646, 603.97], [640.96, 603.84], [643.2699, 604.7155], [642.0388, 606.101], [638.4198, 607.4421], [634.7706, 608.8486], [630.5601, 610.2672], [626.3993, 611.84], [623.1261, 611.2], [620.0618, 609.9279], [617.0454, 608.4017], [613.7143, 607.8159], [610.877, 607.6636], [608.0001, 607.68], [605.2434, 606.6677], [602.4464, 605.6464], [599.4924, 604.3556], [596.5818, 602.9947], [593.6633, 601.5958], [590.7105, 600.2989], [587.7201, 599.0266], [584.819, 597.5366], [581.2219, 596.3889], [578.3546, 594.0392], [575.6994, 591.352], [571.9993, 591.04], [570.1829, 591.2663], [571.0616, 590.2909], [574.0132, 589.5887], [576.9117, 589.7257], [579.2547, 588.1162], [582.3153, 589.311], [584.834, 590.0518], [587.1327, 591.2281], [589.4759, 589.7358], [590.4068, 587.285], [592.3923, 585.5698], [592.406, 583.3176], [594.2942, 581.8694], [597.6111, 581.3451], [599.6572, 581.3804], [601.6, 582.08], [601.6, 582.08]]]}}, {"type": "Feature", "id": "mun_20613", "properties": {"id": "20613", "name": "Foča (RS)", "layer": "municipality", "center_svg": [625, 649], "population_1991": {"total": 35389, "bosniaks": 17183, "croats": 93, "serbs": 16867, "others": 1246}}, "geometry": {"type": "Polygon", "coordinates": [[[593.5996, 580.4805], [596.0011, 581.877], [595.3639, 580.6563], [594.4447, 580.7695], [593.5996, 580.4805], [602.8809, 582.4004], [604.2401, 582.8204], [602.8809, 582.4004], [586.8809, 598.7207], [585.4242, 602.0917], [582.4301, 606.2921], [583.1294, 609.5749], [581.2735, 612.4396], [579.3253, 616.643], [578.9645, 620.7428], [578.9535, 623.7408], [579.0059, 627.0555], [577.5369, 633.4968], [574.9244, 639.2581], [578.7715, 643.8508], [576.5254, 648.084], [576.634, 652.8435], [580.7387, 654.65], [578.7037, 658.087], [578.9485, 661.9322], [576.6398, 666.101], [574.0801, 671.041], [579.7878, 673.4295], [584.5559, 677.3416], [589.1981, 680.0867], [594.176, 681.9154], [599.242, 686.6479], [601.9715, 692.6421], [605.5697, 695.9429], [609.0563, 694.351], [615.1755, 689.8049], [621.8555, 686.1249], [629.1808, 682.253], [636.3872, 678.4937], [636.8319, 674.1449], [638.399, 670.8181], [644.5876, 669.3833], [650.3117, 668.1862], [654.614, 673.2604], [659.4129, 676.8992], [657.8797, 683.455], [660.9632, 687.9928], [665.1138, 693.1177], [669.8443, 697.1439], [673.214, 690.5498], [678.2465, 685.9807], [683.5326, 680.6952], [680.6547, 672.6647], [676.1856, 666.877], [675.6476, 660.069], [672.587, 655.6812], [670.926, 650.175], [669.2113, 646.2772], [666.8321, 646.0159], [663.5504, 642.9098], [658.7143, 642.9463], [658.86, 635.9741], [656.498, 629.2504], [653.7342, 631.2338], [650.6409, 631.4355], [653.3537, 626.9588], [657.3504, 621.7049], [652.8054, 617.8821], [652.6304, 611.5905], [649.3704, 610.8909], [645.9608, 610.0723], [644.1692, 606.7244], [641.5158, 606.3551], [633.8817, 609.1074], [626.2403, 611.8398], [616.782, 608.7278], [606.9473, 607.3379], [596.8756, 603.1158], [586.8809, 598.7207], [593.5996, 580.4805]]]}}, {"type": "Feature", "id": "mun_10324", "properties": {"id": "10324", "name": "Fojnica", "layer": "municipality", "center_svg": [442, 499], "population_1991": {"total": 16296, "bosniaks": 8024, "croats": 6623, "serbs": 157, "others": 1492}}, "geometry": {"type": "Polygon", "coordinates": [[[432.0, 484.16], [434.1096, 485.5031], [434.2274, 487.6021], [437.1427, 489.0865], [440.381, 489.796], [443.6282, 487.8621], [446.3511, 484.9666], [449.1482, 482.7127], [452.5196, 483.5823], [452.8629, 485.9444], [454.2563, 487.7562], [455.8595, 490.599], [457.5873, 493.3075], [460.7362, 494.8041], [464.2426, 494.7075], [467.0028, 496.1352], [469.5455, 498.2261], [471.1281, 499.3624], [471.3235, 501.1025], [471.5417, 503.8717], [471.598, 506.5455], [469.1846, 508.3804], [467.0634, 510.221], [470.2617, 510.9575], [473.2593, 512.1337], [471.9669, 515.5681], [469.091, 517.8045], [467.2787, 520.9086], [465.0559, 523.6206], [463.1854, 526.1587], [465.5836, 529.1545], [466.2906, 531.5419], [463.812, 531.5689], [461.6697, 531.0452], [460.16, 529.6], [458.188, 530.8553], [456.6442, 530.0343], [454.2927, 532.1985], [453.8126, 535.5037], [452.9265, 536.8914], [452.48, 538.7358], [451.1461, 537.6661], [450.88, 534.8642], [448.0647, 533.0541], [445.76, 530.88], [444.5499, 528.3918], [443.0762, 526.1443], [440.2666, 527.2181], [437.3532, 527.8814], [437.1166, 524.7228], [437.6791, 521.6953], [436.8801, 518.8514], [433.5598, 517.7326], [431.8635, 516.1392], [430.1705, 514.1343], [426.7355, 513.1265], [423.0197, 512.2772], [420.2057, 511.6276], [418.787, 509.9314], [417.7456, 507.7199], [415.3468, 507.677], [413.1196, 505.3947], [415.5676, 503.2912], [418.0193, 500.3313], [417.28, 496.7947], [419.0958, 495.5209], [421.3571, 493.5673], [424.1761, 494.1016], [426.2049, 491.6769], [426.7931, 487.9889], [426.3149, 484.2656], [428.4926, 484.1015], [429.6053, 482.56], [430.8831, 483.2456], [432.0, 484.16]]]}}, {"type": "Feature", "id": "mun_20117", "properties": {"id": "20117", "name": "Gacko", "layer": "municipality", "center_svg": [572, 708], "population_1991": {"total": 10788, "bosniaks": 3858, "croats": 29, "serbs": 6661, "others": 240}}, "geometry": {"type": "Polygon", "coordinates": [[[570.56, 674.56], [575.6998, 676.3826], [577.1491, 673.0801], [581.9936, 674.8056], [586.2572, 677.7716], [589.8065, 680.7174], [593.92, 681.92], [598.7088, 685.772], [600.9916, 691.0277], [603.9726, 694.2825], [606.501, 697.9501], [608.7324, 700.9792], [611.1655, 703.5435], [606.8239, 705.7506], [604.138, 709.4696], [601.2106, 713.3022], [600.0, 718.314], [598.8656, 723.381], [598.3626, 728.4458], [599.0074, 734.4639], [599.68, 740.4559], [600.1843, 746.8875], [600.5785, 753.3324], [598.2704, 756.7717], [593.1381, 758.3235], [586.7845, 757.6267], [580.3532, 757.6876], [574.8041, 756.4657], [571.1015, 752.1108], [568.0508, 749.4256], [570.0698, 746.8391], [567.1445, 744.6133], [564.16, 745.28], [559.2306, 744.8075], [555.7168, 746.9312], [552.6617, 747.5621], [551.7064, 745.5072], [549.8034, 741.4789], [551.5323, 738.1681], [550.4868, 732.4006], [551.4288, 726.5167], [550.5737, 720.2721], [544.9739, 716.3253], [539.8234, 712.9721], [535.9693, 708.9195], [536.29, 703.2996], [536.4572, 698.1625], [539.0854, 696.164], [537.046, 694.4598], [534.5984, 690.323], [534.08, 684.48], [535.1976, 680.6297], [537.1412, 679.304], [542.1698, 680.1558], [546.56, 682.88], [551.8448, 681.2145], [554.7071, 676.2084], [558.8386, 672.1205], [563.6816, 672.2237], [567.1487, 673.3012], [570.56, 674.56]]]}}, {"type": "Feature", "id": "mun_10359", "properties": {"id": "10359", "name": "Glamoč", "layer": "municipality", "center_svg": [241, 459], "population_1991": {"total": 12593, "bosniaks": 2257, "croats": 184, "serbs": 9951, "others": 201}}, "geometry": {"type": "Polygon", "coordinates": [[[263.68, 447.36], [270.6316, 453.3754], [277.7812, 459.215], [282.9544, 464.3407], [288.1539, 470.0451], [289.8689, 476.4694], [289.3185, 483.1592], [289.7021, 487.3694], [289.8619, 492.1217], [291.1446, 496.8578], [289.9415, 501.3922], [290.1331, 506.0068], [289.2718, 510.2099], [290.8469, 516.0168], [287.2204, 522.6996], [281.6977, 527.1974], [275.2004, 529.353], [269.8329, 526.2697], [264.7145, 523.3361], [262.5384, 516.2475], [259.8003, 509.0572], [252.7812, 505.1377], [244.8055, 505.0342], [241.3808, 500.4351], [239.1302, 495.4502], [232.584, 493.7162], [226.551, 490.1808], [222.156, 487.3616], [218.6283, 484.3587], [216.0885, 482.5416], [216.4287, 479.8589], [214.9912, 477.5756], [213.4819, 474.9072], [209.7423, 467.8368], [205.353, 461.5758], [201.7418, 456.1059], [197.3853, 450.9081], [197.5253, 447.6472], [198.72, 442.88], [200.5664, 438.1947], [197.4705, 434.059], [195.8403, 429.0426], [195.5399, 423.9331], [201.5996, 417.8872], [209.4228, 413.7793], [212.6337, 407.0517], [210.24, 399.68], [218.0701, 404.7224], [224.61, 411.0473], [230.6582, 417.7919], [236.9992, 423.0108], [244.1642, 427.9481], [251.8366, 433.42], [257.1202, 440.8718], [263.68, 447.36], [263.68, 447.36]]]}}, {"type": "Feature", "id": "mun_11452", "properties": {"id": "11452", "name": "Goražde", "layer": "municipality", "center_svg": [642, 579], "population_1991": {"total": 32858, "bosniaks": 22682, "croats": 76, "serbs": 8823, "others": 1277}}, "geometry": {"type": "Polygon", "coordinates": [[[641.28, 569.6], [642.8374, 571.0854], [644.2347, 570.1318], [647.5508, 569.4151], [650.9908, 569.7703], [654.3161, 569.4907], [657.015, 570.4515], [658.8145, 573.0844], [660.4389, 575.7117], [663.5498, 578.0236], [666.277, 580.4452], [668.299, 583.6438], [669.7814, 587.1018], [669.7164, 590.7579], [668.0417, 593.7175], [666.0656, 596.0638], [663.618, 597.631], [660.1367, 599.4117], [656.3577, 600.0711], [652.8068, 601.0105], [649.1486, 602.1308], [646.0368, 604.4915], [642.5546, 604.2003], [639.5705, 604.1869], [638.08, 602.7376], [639.6436, 600.8142], [638.072, 599.4594], [634.7869, 598.435], [631.6168, 597.6326], [630.6855, 596.4486], [629.8568, 595.4735], [627.9052, 595.4323], [626.4942, 596.5829], [624.0244, 597.5421], [621.5475, 597.5646], [619.8556, 594.2953], [619.4198, 590.6193], [618.3364, 588.9259], [616.5131, 588.8636], [613.7333, 589.6217], [611.4284, 588.2482], [609.07, 586.9847], [608.7214, 584.4472], [610.6192, 581.9471], [610.509, 578.9641], [612.6885, 575.1678], [614.7443, 571.437], [617.5499, 571.2992], [620.4574, 571.6351], [622.6611, 571.9163], [624.2201, 570.3632], [627.1797, 570.5986], [630.1165, 570.0495], [633.8432, 568.7897], [637.5204, 569.6145], [639.4966, 569.1043], [641.2805, 569.6], [641.28, 569.6]]]}}, {"type": "Feature", "id": "mun_10375", "properties": {"id": "10375", "name": "Gornji Vakuf-Uskoplje", "layer": "municipality", "center_svg": [391, 523], "population_1991": {"total": 25181, "bosniaks": 14063, "croats": 10706, "serbs": 110, "others": 302}}, "geometry": {"type": "Polygon", "coordinates": [[[398.72, 484.8], [399.6179, 487.3303], [402.8601, 489.3442], [403.7165, 492.0116], [404.9959, 494.8017], [405.2781, 497.7396], [408.64, 498.6843], [412.0064, 500.8252], [413.0762, 505.3675], [416.2802, 507.5461], [418.7412, 510.2876], [420.6267, 511.6541], [423.4428, 512.6246], [427.6951, 513.1424], [431.3813, 515.0332], [432.521, 517.2526], [434.8915, 518.0258], [437.6849, 519.7653], [437.1981, 523.0447], [435.5183, 524.4111], [434.0213, 526.4029], [431.6004, 529.2888], [428.2199, 531.0747], [423.3793, 531.3094], [418.6791, 532.4818], [416.0465, 534.7754], [414.649, 537.6694], [411.8042, 537.1022], [409.7776, 539.5538], [405.6001, 539.0228], [401.6848, 535.957], [398.3261, 534.27], [395.9643, 531.52], [391.7827, 531.0704], [388.0106, 530.6859], [383.0802, 530.5362], [378.7001, 528.9169], [373.0991, 529.1855], [366.8443, 528.64], [363.707, 527.6898], [361.0707, 526.6689], [362.0693, 523.8439], [359.7436, 521.3795], [361.4227, 518.9238], [363.5273, 516.628], [366.4672, 517.3201], [368.0, 515.6443], [367.1267, 511.0264], [367.7115, 506.5294], [368.405, 502.2037], [371.7516, 499.2959], [373.693, 496.4488], [375.3168, 493.8032], [380.0448, 492.0412], [384.4584, 488.8216], [387.2318, 487.7506], [388.7719, 485.1342], [391.6412, 484.5468], [393.8098, 482.9944], [396.828, 482.356], [398.72, 484.8], [398.72, 484.8]]]}}, {"type": "Feature", "id": "mun_11479", "properties": {"id": "11479", "name": "Gračanica", "layer": "municipality", "center_svg": [528, 282], "population_1991": {"total": 47485, "bosniaks": 42518, "croats": 77, "serbs": 2592, "others": 2298}}, "geometry": {"type": "Polygon", "coordinates": [[[550.4, 278.72], [550.0961, 281.3847], [551.5445, 283.7013], [550.4521, 285.3087], [551.6633, 286.4], [552.5342, 288.0081], [552.3201, 290.24], [549.5655, 291.3493], [547.0432, 293.0223], [544.6114, 293.8806], [544.0618, 295.7794], [544.0362, 297.9905], [542.4079, 299.3173], [542.7631, 302.1747], [542.9133, 305.0159], [546.3747, 305.5774], [548.5049, 308.0675], [550.0429, 310.9162], [550.9567, 314.0605], [553.0895, 314.5639], [554.5371, 316.4051], [556.2016, 318.9616], [554.2634, 320.9876], [552.2709, 323.3439], [551.68, 326.08], [549.6734, 328.0943], [547.7165, 328.3186], [546.3889, 328.8328], [545.6, 328.64], [546.3601, 325.5424], [545.2092, 322.6912], [543.3468, 321.2472], [540.8168, 322.24], [538.814, 321.4804], [537.7822, 320.4442], [536.6693, 319.8192], [535.856, 318.7515], [534.067, 318.1989], [533.712, 315.7211], [533.2669, 314.5976], [534.0801, 314.24], [532.7315, 312.4306], [530.9288, 312.1844], [530.2183, 310.5822], [529.214, 310.2216], [528.3625, 311.1997], [526.9603, 311.9245], [525.2907, 310.2699], [523.9234, 308.4116], [522.034, 306.323], [519.7729, 305.9939], [518.518, 305.3301], [516.9511, 304.8978], [515.3158, 304.5982], [513.6, 304.64], [513.1162, 303.6834], [514.56, 301.76], [515.7151, 297.6406], [515.7982, 293.7469], [514.8931, 291.7628], [513.4996, 289.6905], [510.6756, 291.0615], [507.8028, 290.9852], [505.1865, 291.9643], [503.5222, 290.7905], [502.3233, 287.5779], [502.08, 284.1767], [505.0024, 282.6446], [508.2636, 281.5158], [512.6799, 280.1836], [517.1655, 280.5432], [520.5102, 281.8372], [523.985, 282.5454], [528.7042, 281.9703], [533.315, 282.4541], [535.7138, 282.7163], [535.68, 281.28], [537.994, 280.8612], [540.2128, 280.2663], [541.1624, 281.156], [542.0825, 280.8593], [545.6908, 279.2724], [549.76, 278.72], [551.2429, 277.2213], [551.7486, 278.0708], [551.0569, 278.3915], [550.4, 278.72], [550.4, 278.72]]]}}, {"type": "Feature", "id": "mun_11410", "properties": {"id": "11410", "name": "Grad Mostar", "layer": "municipality", "center_svg": [428, 633], "population_1991": {"total": 126612, "bosniaks": 44037, "croats": 42907, "serbs": 23779, "others": 15889}}, "geometry": {"type": "Polygon", "coordinates": [[[413.12, 678.4], [408.3735, 672.3345], [406.13, 663.148], [412.3639, 658.7132], [408.64, 654.4], [401.6347, 650.2506], [394.88, 649.2506], [392.0812, 639.6052], [385.2816, 630.8036], [376.7881, 624.0616], [369.1773, 616.5256], [376.5067, 613.5785], [384.32, 612.16], [387.8774, 608.2604], [383.5248, 603.6974], [387.2266, 595.6559], [394.7797, 596.0059], [407.787, 595.4195], [417.5181, 602.8148], [421.2052, 607.0684], [422.9569, 612.2113], [429.2997, 614.6364], [432.2904, 609.9089], [438.5884, 613.9146], [445.0111, 612.2828], [452.9461, 620.035], [461.12, 626.24], [467.4439, 627.5875], [469.2233, 631.9934], [475.7075, 636.8807], [470.846, 641.6078], [465.1853, 652.0346], [463.4373, 663.2146], [470.7646, 672.4054], [472.96, 684.4946], [473.6104, 696.6154], [467.9071, 707.2352], [459.9108, 709.6336], [454.77, 714.5889], [451.4156, 710.9509], [449.9156, 706.9434], [444.6577, 710.893], [440.7015, 715.4231], [435.7404, 717.6499], [430.4, 718.4], [426.6407, 721.1031], [426.2104, 717.8127], [428.0155, 709.9115], [426.0895, 703.3211], [425.1985, 696.3293], [418.983, 694.4449], [411.6277, 692.7922], [414.1323, 687.3166], [415.8937, 681.8491], [413.12, 678.4], [413.12, 678.4]]]}}, {"type": "Feature", "id": "mun_10391", "properties": {"id": "10391", "name": "Gradačac", "layer": "municipality", "center_svg": [552, 268], "population_1991": {"total": 42373, "bosniaks": 33704, "croats": 2834, "serbs": 3758, "others": 2077}}, "geometry": {"type": "Polygon", "coordinates": [[[555.1992, 242.2402], [550.9113, 243.5015], [546.4612, 243.2811], [546.7205, 245.6169], [545.8781, 247.6598], [544.0532, 251.3294], [540.5737, 253.2916], [538.6387, 257.3751], [535.3087, 259.8558], [532.8707, 263.9968], [533.9853, 268.6932], [535.1109, 271.7947], [533.6599, 274.3401], [531.5271, 276.9573], [531.4566, 279.9517], [532.2436, 282.3093], [536.0302, 282.5648], [536.018, 281.5868], [536.9346, 280.7023], [539.5317, 280.6096], [541.1191, 281.5996], [545.372, 279.3949], [550.1189, 278.3849], [551.4356, 277.0561], [551.5317, 278.2561], [549.9856, 280.8493], [551.5103, 283.8484], [552.6743, 286.9512], [557.9907, 287.8449], [560.6196, 285.9425], [562.7861, 283.8786], [565.7086, 284.2346], [568.4579, 282.8947], [571.9963, 282.049], [573.0802, 278.8224], [569.2622, 275.5364], [568.7235, 271.7109], [571.6319, 271.1131], [574.1146, 272.3655], [577.0367, 270.7809], [578.5606, 269.119], [574.4153, 269.3626], [572.9758, 265.7638], [570.8227, 260.1081], [568.4407, 254.6272], [565.2302, 251.0796], [561.5524, 247.7058], [558.9622, 244.1202], [555.1993, 242.2401], [579.1993, 268.8007], [580.7953, 267.7775], [579.1993, 268.8007], [586.5606, 263.6796], [583.4817, 266.2209], [584.8992, 266.4308], [585.9834, 265.1734], [586.5606, 263.6796], [555.1992, 242.2402]]]}}, {"type": "Feature", "id": "mun_20125", "properties": {"id": "20125", "name": "Gradiška", "layer": "municipality", "center_svg": [308, 208], "population_1991": {"total": 59974, "bosniaks": 15851, "croats": 3417, "serbs": 35753, "others": 4953}}, "geometry": {"type": "Polygon", "coordinates": [[[279.68, 164.48], [283.4053, 162.2384], [285.0288, 164.5087], [291.1973, 170.9876], [299.3481, 175.4357], [307.8375, 181.0246], [317.3608, 182.8404], [325.5353, 180.7623], [329.1589, 171.6813], [332.0785, 174.7574], [336.2725, 174.8941], [338.6726, 178.0688], [339.9749, 180.945], [349.0604, 186.3051], [359.2555, 184.714], [361.6098, 180.4076], [364.4348, 182.1784], [363.6092, 187.574], [360.32, 190.0292], [356.0428, 195.1036], [352.9679, 201.4936], [355.4497, 206.1461], [355.6199, 211.931], [352.0762, 213.8847], [353.8507, 215.0706], [352.7469, 219.7868], [350.08, 226.2401], [342.4046, 226.3485], [334.6686, 227.3015], [333.0216, 230.6429], [330.1759, 233.3127], [327.0265, 236.8569], [323.9192, 235.3997], [317.9919, 233.2111], [312.2631, 237.8001], [306.0799, 236.3302], [306.4849, 230.6392], [302.4223, 227.2366], [297.92, 228.8001], [292.0526, 227.973], [288.5334, 230.7251], [282.7547, 231.6447], [278.477, 226.3646], [277.8716, 221.9703], [274.24, 220.4801], [271.1415, 218.5345], [267.2359, 216.7424], [263.727, 216.64], [261.7097, 214.0742], [260.2482, 211.7988], [257.6656, 212.349], [260.6259, 206.9009], [266.4688, 202.8366], [270.8941, 202.5735], [271.5249, 199.1456], [273.1434, 196.3938], [271.9972, 192.8245], [273.4576, 185.7137], [272.5016, 179.1993], [276.7533, 174.8844], [275.84, 169.0109], [277.8273, 161.0832], [281.1235, 159.3021], [279.0719, 161.8911], [279.68, 164.48], [279.68, 164.48]]]}}, {"type": "Feature", "id": "mun_10405", "properties": {"id": "10405", "name": "Grude", "layer": "municipality", "center_svg": [345, 674], "population_1991": {"total": 16358, "bosniaks": 4, "croats": 16210, "serbs": 9, "others": 135}}, "geometry": {"type": "Polygon", "coordinates": [[[332.16, 648.32], [334.2646, 647.7324], [336.1806, 648.6959], [337.1272, 651.8507], [340.8413, 652.3089], [342.6678, 655.3515], [344.6625, 656.0099], [347.91, 655.7405], [350.9966, 656.3059], [352.5106, 656.3803], [354.0556, 656.7738], [357.6965, 661.1044], [358.3561, 665.3494], [358.89, 666.8758], [361.28, 667.52], [364.1452, 667.0981], [366.351, 665.6], [369.7511, 668.1131], [370.172, 673.3422], [368.2562, 676.7819], [366.1624, 679.4966], [370.2191, 682.1106], [369.9011, 685.9978], [367.7682, 687.7657], [365.2806, 688.0062], [360.9452, 685.3506], [357.6843, 681.875], [355.3067, 683.5117], [352.4893, 686.4072], [348.7388, 688.7336], [343.7576, 688.5189], [339.3569, 687.7778], [336.4521, 690.7236], [334.0249, 687.3237], [331.8209, 683.5489], [329.572, 678.636], [327.1256, 673.7991], [325.4678, 669.1626], [323.592, 664.6813], [322.9179, 660.3198], [321.0608, 656.791], [324.7394, 652.896], [327.3921, 648.2088], [328.6884, 645.8448], [331.2, 647.04], [331.5575, 647.7478], [332.16, 648.32], [332.16, 648.32]]]}}, {"type": "Feature", "id": "mun_10847", "properties": {"id": "10847", "name": "Hadžići", "layer": "municipality", "center_svg": [489, 571], "population_1991": {"total": 24200, "bosniaks": 15392, "croats": 746, "serbs": 6362, "others": 1700}}, "geometry": {"type": "Polygon", "coordinates": [[[512.64, 533.12], [513.4235, 534.3775], [516.2712, 536.2168], [515.8458, 539.6801], [517.7998, 544.643], [518.72, 549.2324], [519.0325, 554.2951], [520.8933, 559.1971], [523.0641, 561.9829], [521.0641, 564.1691], [516.671, 564.5917], [515.3774, 568.3812], [516.2982, 573.9015], [514.0908, 576.6523], [509.1078, 575.9368], [505.0063, 578.2126], [500.3494, 577.6294], [496.0394, 575.2391], [494.0891, 579.184], [490.2717, 577.6001], [486.0927, 578.4193], [481.9821, 578.7512], [480.6684, 576.9205], [481.6, 575.0401], [477.3409, 572.7311], [478.8324, 570.8801], [481.7587, 569.1891], [480.64, 565.4084], [476.6445, 563.7687], [473.6, 560.0001], [472.1554, 555.6775], [470.4, 551.68], [470.0037, 549.1915], [472.4061, 548.5522], [475.0247, 547.738], [477.0318, 546.1664], [481.7364, 545.458], [485.9304, 544.6576], [485.81, 543.2147], [487.3574, 543.7579], [489.2634, 541.9667], [491.6641, 541.7601], [492.3525, 538.5278], [494.43, 538.1582], [497.4492, 537.4477], [500.4483, 535.04], [502.6204, 533.3152], [504.9651, 534.2543], [508.6415, 533.6699], [512.2635, 532.5387], [512.5778, 532.9957], [512.64, 533.12]]]}}, {"type": "Feature", "id": "mun_20621", "properties": {"id": "20621", "name": "Han Pijesak", "layer": "municipality", "center_svg": [652, 469], "population_1991": {"total": 6348, "bosniaks": 2543, "croats": 7, "serbs": 3674, "others": 124}}, "geometry": {"type": "Polygon", "coordinates": [[[633.92, 451.2], [636.0613, 453.2827], [638.9681, 454.4158], [645.3956, 456.3749], [651.2545, 458.5458], [653.0311, 455.5459], [655.9389, 455.8527], [659.6204, 459.5069], [663.04, 463.68], [665.5782, 461.637], [667.069, 464.7226], [671.7701, 467.4581], [671.6415, 470.5002], [675.4448, 471.9063], [679.8478, 474.6439], [684.725, 477.836], [687.2264, 482.7218], [690.8001, 487.1658], [690.2119, 490.464], [687.5659, 493.4729], [687.3415, 497.224], [680.4225, 496.5895], [673.7419, 493.3807], [670.2864, 492.7281], [670.4685, 495.762], [670.1351, 499.9048], [666.9336, 499.5138], [660.14, 497.242], [653.9834, 493.6256], [649.6762, 490.9107], [646.9534, 487.9184], [642.5363, 487.9944], [644.1145, 483.658], [644.0286, 480.0047], [640.9354, 479.1937], [634.2423, 476.7682], [628.1599, 473.28], [622.0625, 471.3211], [617.64, 466.36], [615.8352, 462.0679], [620.1455, 459.0527], [625.627, 454.9127], [629.1571, 449.269], [630.8949, 448.7415], [633.92, 451.2], [633.92, 451.2]]]}}, {"type": "Feature", "id": "mun_11550", "properties": {"id": "11550", "name": "Ilidža", "layer": "municipality", "center_svg": [516, 552], "population_1991": {"total": 62144, "bosniaks": 28421, "croats": 6833, "serbs": 20768, "others": 6122}}, "geometry": {"type": "Polygon", "coordinates": [[[500.4805, 517.1191], [501.7064, 520.2181], [502.5469, 523.5469], [503.3929, 526.3348], [503.7153, 529.1344], [503.1704, 532.508], [505.5377, 534.6399], [509.3162, 533.1626], [513.0768, 533.1772], [513.5581, 534.125], [514.5639, 534.4511], [516.4936, 536.6059], [515.8845, 539.1548], [517.4714, 544.1805], [518.8024, 548.6548], [518.755, 553.2707], [520.292, 557.8204], [522.4058, 560.9488], [522.9079, 564.0141], [527.5001, 565.3738], [531.7821, 567.0478], [533.9747, 566.2629], [536.103, 566.4223], [538.9022, 565.3729], [540.6794, 564.6449], [540.4998, 561.7314], [540.1414, 558.4711], [536.3436, 555.4762], [534.7207, 551.867], [535.1312, 549.3229], [536.5697, 547.0776], [537.9372, 544.5305], [536.5117, 542.763], [534.0829, 540.9354], [534.7708, 539.4276], [534.6319, 537.0525], [531.0577, 536.0541], [528.6702, 533.5289], [525.6984, 530.7017], [522.5871, 531.7848], [520.7575, 530.0355], [519.7924, 526.6977], [518.4721, 523.2608], [514.4994, 520.9592], [510.5489, 519.2245], [505.7974, 518.8069], [501.3763, 517.7231], [500.8711, 517.5011], [500.4805, 517.1191], [512.6406, 533.1191], [511.8485, 533.4227], [512.6406, 533.1191], [500.4805, 517.1191]]]}}, {"type": "Feature", "id": "mun_10863", "properties": {"id": "10863", "name": "Ilijaš", "layer": "municipality", "center_svg": [567, 481], "population_1991": {"total": 25016, "bosniaks": 10440, "croats": 1736, "serbs": 11303, "others": 1537}}, "geometry": {"type": "Polygon", "coordinates": [[[564.8, 462.72], [565.8857, 464.8883], [566.279, 467.52], [571.9757, 469.3964], [574.1671, 474.2613], [577.7172, 477.4417], [580.3662, 475.1795], [582.903, 472.0655], [585.0622, 475.3044], [587.3596, 476.8037], [587.3317, 479.2858], [586.9526, 485.984], [582.2717, 492.4493], [577.6124, 497.5256], [572.8, 502.4], [571.0277, 504.8724], [568.9601, 504.0], [564.5565, 508.2875], [558.8007, 507.7498], [556.5142, 507.2254], [556.1092, 505.0445], [550.4593, 507.4668], [544.862, 506.9728], [541.6434, 504.9089], [542.6897, 501.8905], [537.5812, 501.0842], [533.6205, 505.8028], [532.8379, 510.4159], [529.4145, 510.8864], [528.0827, 513.1965], [527.1397, 515.6772], [523.4619, 520.2102], [518.3221, 522.8799], [517.1109, 519.1302], [516.4183, 514.1543], [514.4423, 508.3878], [510.7422, 503.0066], [512.5271, 499.7149], [512.4608, 496.4111], [516.4667, 494.9918], [517.1201, 498.8799], [519.759, 499.3266], [523.0914, 500.2381], [527.391, 499.9743], [531.7374, 500.7754], [534.1458, 495.5788], [535.5822, 490.6944], [537.5379, 493.021], [540.2068, 491.1574], [540.5994, 485.0865], [541.639, 478.7199], [546.7086, 475.7059], [549.7335, 478.0271], [553.8713, 476.7987], [552.6803, 470.9851], [556.5825, 469.3985], [559.0014, 465.9586], [562.4428, 463.8164], [564.8, 462.72], [564.8, 462.72]]]}}, {"type": "Feature", "id": "mun_20176", "properties": {"id": "20176", "name": "Istočna Ilidža", "layer": "municipality", "center_svg": [543, 563], "population_1991": {"total": 8612, "bosniaks": 1941, "croats": 200, "serbs": 5852, "others": 619}}, "geometry": {"type": "Polygon", "coordinates": [[[540.1603, 540.7992], [540.6653, 541.8967], [540.3184, 543.0433], [539.9601, 544.7382], [541.6798, 544.9507], [543.3784, 545.8114], [544.6316, 547.1436], [546.2275, 548.3867], [548.1765, 549.458], [549.5061, 550.4017], [550.3359, 551.6277], [550.3087, 554.1708], [548.7814, 555.188], [546.4261, 555.1008], [544.2969, 555.3767], [543.6674, 557.5909], [544.2561, 559.6228], [545.2726, 560.8595], [545.6, 562.4964], [544.8094, 563.6291], [543.1715, 563.8336], [541.5641, 564.6507], [540.0058, 564.0589], [540.5122, 562.2106], [540.7592, 560.2784], [540.1181, 558.394], [539.0541, 556.6532], [537.3565, 555.7181], [535.4766, 555.1787], [534.4014, 554.1292], [534.7122, 552.1082], [534.7207, 550.7739], [534.7202, 549.4392], [536.0788, 548.2373], [536.6721, 546.5285], [537.6931, 545.0175], [538.6655, 543.5854], [539.3659, 542.3781], [539.6674, 541.0398], [540.1606, 540.7992], [540.1603, 540.7992]]]}}, {"type": "Feature", "id": "mun_20184", "properties": {"id": "20184", "name": "Istočni Drvar", "layer": "municipality", "center_svg": [198, 381], "population_1991": {"total": 61, "bosniaks": 1, "croats": 0, "serbs": 60, "others": 0}}, "geometry": {"type": "Polygon", "coordinates": [[[167.6791, 366.7208], [170.045, 369.9102], [173.6917, 372.2196], [175.6674, 373.4148], [174.9538, 372.6675], [171.3657, 369.626], [167.6791, 366.7208], [203.8392, 366.7208], [201.3499, 367.1468], [199.6135, 368.6258], [196.4121, 369.0663], [193.5763, 369.554], [191.8688, 372.3567], [190.1843, 375.2882], [187.8105, 378.5798], [184.3308, 380.1714], [182.0577, 378.2068], [181.6344, 378.6584], [184.3083, 380.997], [187.1575, 383.2003], [191.0449, 385.7153], [194.7919, 388.4172], [196.9004, 391.2311], [199.2927, 393.8288], [203.0883, 394.4493], [206.3499, 396.4409], [208.3298, 398.1612], [209.7027, 398.8201], [209.5429, 396.6888], [210.4351, 394.4899], [210.487, 390.8615], [207.9624, 387.9091], [209.4918, 384.4095], [211.5189, 380.8009], [209.3876, 377.816], [205.5781, 376.0432], [202.7413, 374.7236], [202.8095, 372.2747], [204.0525, 369.5824], [203.8392, 366.7208], [167.6791, 366.7208]]]}}, {"type": "Feature", "id": "mun_20192", "properties": {"id": "20192", "name": "Istočni Mostar", "layer": "municipality", "center_svg": [472, 652], "population_1991": {"total": 518, "bosniaks": 298, "croats": 130, "serbs": 87, "others": 3}}, "geometry": {"type": "Polygon", "coordinates": [[[476.8008, 638.7207], [471.0641, 641.6837], [467.8133, 646.9593], [464.9944, 652.9282], [463.0181, 659.1788], [464.3621, 664.6503], [469.0912, 668.243], [470.898, 671.1732], [472.0094, 670.8093], [473.9639, 666.2985], [476.2456, 661.7787], [478.989, 655.6498], [477.7598, 648.9609], [477.0658, 644.4952], [476.8008, 640.0065], [476.8008, 639.3636], [476.8008, 638.7207], [471.6797, 677.4394], [473.0943, 684.2432], [473.7103, 691.231], [476.8814, 695.2642], [481.8418, 692.2136], [484.5019, 687.8657], [482.121, 682.6419], [477.4903, 679.7076], [472.4608, 678.1102], [472.0222, 677.6107], [463.0632, 708.3314], [458.2131, 711.0254], [456.5908, 715.8691], [462.1567, 715.4672], [467.0318, 714.5832], [470.0463, 715.7946], [472.1073, 715.4559], [468.4738, 712.4681], [464.7039, 710.2924], [463.2381, 710.6851], [463.782, 708.3474], [463.0632, 708.3314], [476.8008, 638.7207]]]}}, {"type": "Feature", "id": "mun_20206", "properties": {"id": "20206", "name": "Istočni Stari Grad", "layer": "municipality", "center_svg": [575, 541], "population_1991": {"total": 1362, "bosniaks": 230, "croats": 6, "serbs": 1107, "others": 19}}, "geometry": {"type": "Polygon", "coordinates": [[[589.1191, 483.5195], [587.3455, 485.3488], [589.0325, 485.2258], [589.3356, 484.452], [589.1191, 483.5195], [584.0, 489.2793], [581.0101, 494.0308], [577.7043, 497.8381], [582.487, 497.4749], [586.9072, 498.5967], [590.6055, 497.5944], [589.9879, 495.1506], [585.924, 493.5272], [584.0, 489.2793], [574.0801, 500.8008], [572.9912, 502.2603], [574.0801, 500.8008], [571.8398, 503.6797], [568.6356, 509.2774], [565.8184, 515.0435], [563.4076, 519.7912], [561.5927, 524.2065], [563.8846, 526.6713], [561.5997, 529.4355], [560.7659, 534.7016], [560.347, 539.9973], [556.9075, 540.6897], [552.6407, 537.2793], [550.3322, 537.2954], [550.4445, 538.8482], [550.8816, 540.8382], [551.7935, 541.9349], [554.5243, 544.8651], [557.2204, 547.7683], [560.1859, 548.8825], [562.739, 547.819], [564.7094, 543.7758], [567.1244, 541.0364], [566.2723, 538.5037], [569.2256, 536.6238], [572.0771, 534.6075], [573.6898, 531.5208], [575.4429, 525.9369], [576.4309, 520.2098], [578.3821, 516.6714], [579.1786, 512.4242], [579.8933, 510.772], [575.8713, 510.6668], [573.9441, 509.4891], [572.8744, 507.4082], [572.2135, 505.8392], [571.8399, 503.6797], [589.1191, 483.5195]]]}}, {"type": "Feature", "id": "mun_20214", "properties": {"id": "20214", "name": "Istočno Novo Sarajevo", "layer": "municipality", "center_svg": [570, 553], "population_1991": {"total": 4122, "bosniaks": 423, "croats": 43, "serbs": 3496, "others": 160}}, "geometry": {"type": "Polygon", "coordinates": [[[550.4, 541.12], [551.2743, 541.8457], [552.0485, 542.7785], [553.8033, 543.9888], [555.223, 545.6022], [556.2731, 546.9503], [557.6119, 547.845], [559.4034, 548.3504], [560.96, 549.5686], [561.0345, 552.0407], [561.8732, 554.4271], [561.7089, 556.5738], [561.994, 558.7445], [561.3624, 560.0577], [559.36, 559.3601], [557.2011, 558.8458], [555.7039, 557.7402], [554.7861, 557.0407], [553.8637, 557.313], [552.4191, 556.2538], [551.134, 554.6523], [550.427, 553.705], [550.4, 552.4758], [550.082, 550.9273], [548.8071, 550.0537], [546.726, 548.5875], [544.6257, 547.358], [543.5177, 545.8765], [541.76, 544.9467], [539.9706, 544.7418], [540.3353, 543.0137], [540.7288, 541.9849], [540.1256, 541.098], [541.1449, 539.6985], [542.7762, 539.1394], [544.9927, 538.4025], [547.2728, 537.8633], [549.0452, 537.4146], [550.6247, 538.1201], [551.0695, 539.5702], [550.4, 541.12], [550.4, 541.12]]]}}, {"type": "Feature", "id": "mun_10421", "properties": {"id": "10421", "name": "Jablanica", "layer": "municipality", "center_svg": [409, 583], "population_1991": {"total": 12691, "bosniaks": 9099, "croats": 2291, "serbs": 504, "others": 797}}, "geometry": {"type": "Polygon", "coordinates": [[[391.36, 566.08], [392.682, 569.8676], [395.52, 571.52], [399.3368, 572.68], [402.7349, 574.4], [408.7806, 574.8163], [413.9031, 572.2073], [416.0107, 576.0048], [418.4047, 577.281], [419.0569, 574.3064], [420.9749, 572.48], [424.5756, 570.4232], [428.045, 572.3354], [431.8662, 575.5183], [436.3036, 578.0168], [438.0917, 579.4729], [437.5958, 583.9277], [438.1531, 586.931], [436.8017, 589.3576], [437.6692, 592.7773], [438.3427, 596.7888], [438.85, 603.0915], [441.2037, 608.8797], [442.0779, 613.5774], [438.0204, 613.8754], [433.735, 610.7306], [431.909, 612.6339], [426.8204, 614.4317], [422.0938, 610.6428], [421.7288, 606.9271], [418.7387, 605.0073], [417.1527, 601.6169], [414.0781, 599.3759], [407.8773, 595.0381], [400.7255, 595.2], [395.2968, 595.7808], [390.3998, 593.92], [384.0706, 592.0791], [378.3578, 588.8117], [371.9736, 584.956], [373.7277, 579.5505], [377.277, 573.8254], [381.2245, 568.9215], [386.8259, 567.3319], [391.3598, 566.08], [391.36, 566.08]]]}}, {"type": "Feature", "id": "mun_11487", "properties": {"id": "11487", "name": "Jajce", "layer": "municipality", "center_svg": [337, 414], "population_1991": {"total": 43975, "bosniaks": 17587, "croats": 15790, "serbs": 7503, "others": 3095}}, "geometry": {"type": "Polygon", "coordinates": [[[321.6, 371.52], [324.1785, 372.9909], [326.9337, 373.4433], [331.7054, 376.1796], [336.8213, 374.2515], [339.428, 373.9778], [343.2361, 376.1622], [346.0272, 381.127], [349.2569, 385.235], [351.2069, 391.5054], [353.6543, 397.499], [355.3174, 402.1722], [358.0876, 406.0351], [358.891, 411.7606], [359.8353, 417.1111], [359.0632, 421.6846], [358.4, 427.2], [352.4961, 427.0743], [347.5693, 426.177], [344.8392, 423.8859], [341.44, 424.0], [338.5651, 425.0203], [335.2209, 425.3391], [332.8478, 425.9209], [331.7889, 427.911], [329.1638, 431.0955], [327.04, 433.92], [322.4815, 429.4595], [321.2582, 422.9271], [319.3257, 416.882], [316.1785, 411.4551], [313.3296, 406.3549], [308.7376, 403.0351], [309.3062, 398.1324], [312.4625, 394.7905], [315.7528, 389.8314], [315.1677, 384.7057], [314.9746, 379.1593], [315.7736, 373.576], [319.5006, 371.2558], [321.6, 371.52], [321.6, 371.52]]]}}, {"type": "Feature", "id": "mun_20222", "properties": {"id": "20222", "name": "Jezero", "layer": "municipality", "center_svg": [297, 400], "population_1991": {"total": 2149, "bosniaks": 754, "croats": 168, "serbs": 1161, "others": 66}}, "geometry": {"type": "Polygon", "coordinates": [[[314.88, 381.44], [315.667, 385.4035], [316.4291, 389.3075], [314.0764, 391.7297], [312.5076, 394.7805], [309.9164, 396.7823], [309.1281, 399.7508], [308.8031, 402.598], [310.477, 404.237], [313.7426, 406.6174], [315.6515, 410.3379], [317.8873, 413.8598], [319.649, 417.6333], [320.9033, 421.8951], [321.6, 426.2467], [321.8447, 427.7465], [320.8892, 427.1195], [318.5331, 424.2663], [315.5668, 422.0225], [313.6419, 418.9362], [311.0952, 418.1774], [308.9347, 418.5387], [309.12, 416.2044], [309.0908, 414.5668], [307.4192, 415.0656], [305.1008, 413.0738], [303.1933, 410.7077], [302.4503, 408.9686], [304.32, 408.0], [304.8301, 405.6505], [305.446, 403.046], [301.1922, 403.3118], [296.9682, 403.0253], [295.3307, 402.286], [297.065, 399.8022], [298.5974, 396.5142], [300.6524, 393.4029], [303.8795, 394.8332], [305.9421, 393.537], [306.8883, 392.2048], [308.0708, 390.8085], [309.6952, 389.0048], [309.0429, 385.9806], [311.2875, 383.4107], [313.6142, 381.423], [314.4544, 380.791], [314.88, 381.44]]]}}, {"type": "Feature", "id": "mun_10448", "properties": {"id": "10448", "name": "Kakanj", "layer": "municipality", "center_svg": [494, 443], "population_1991": {"total": 55950, "bosniaks": 30528, "croats": 16556, "serbs": 4929, "others": 3937}}, "geometry": {"type": "Polygon", "coordinates": [[[490.24, 415.04], [495.8374, 416.4698], [499.077, 421.7546], [504.9704, 422.745], [510.8943, 424.5672], [514.7156, 425.2456], [517.44, 423.68], [521.8661, 421.8195], [522.7364, 424.0227], [521.6235, 429.7411], [516.8944, 435.0928], [514.8477, 439.1372], [512.4247, 442.9582], [511.4865, 449.2444], [513.2105, 455.7257], [513.2014, 459.9628], [514.88, 459.52], [517.9936, 459.4615], [521.4708, 458.408], [520.0943, 461.3265], [520.32, 465.92], [516.3499, 468.1314], [513.1666, 471.9269], [509.1523, 471.6673], [507.1116, 474.2965], [507.8722, 477.4755], [505.6, 479.36], [502.881, 477.9997], [499.2159, 476.6858], [493.7402, 477.8932], [488.645, 476.191], [484.6189, 476.5479], [480.8356, 474.8559], [476.0366, 474.6452], [471.893, 473.8604], [469.5471, 469.7438], [464.3228, 469.2047], [461.8418, 468.8345], [462.7974, 465.0233], [460.946, 459.8346], [465.5406, 456.0594], [470.227, 453.8615], [474.7443, 451.84], [479.1465, 452.4264], [478.4202, 449.3597], [480.8356, 447.402], [481.9844, 444.5804], [482.7088, 439.3601], [483.6287, 434.0812], [484.6882, 428.4999], [486.08, 422.72], [485.0118, 418.2932], [486.7038, 415.0809], [488.5172, 413.8191], [490.24, 415.04], [490.24, 415.04]]]}}, {"type": "Feature", "id": "mun_11495", "properties": {"id": "11495", "name": "Kalesija", "layer": "municipality", "center_svg": [632, 367], "population_1991": {"total": 34464, "bosniaks": 29417, "croats": 30, "serbs": 4081, "others": 936}}, "geometry": {"type": "Polygon", "coordinates": [[[636.8, 347.2], [640.3488, 348.3074], [642.1043, 351.8643], [642.5934, 355.654], [645.8088, 357.1985], [650.2322, 358.6014], [654.4124, 359.9004], [656.2291, 359.8187], [655.3885, 361.5429], [652.5279, 363.9563], [651.885, 367.3143], [654.0131, 368.3658], [655.5405, 370.2304], [655.5595, 373.12], [656.0622, 375.2076], [653.9826, 379.0023], [651.4801, 382.4353], [649.5807, 383.6568], [646.4263, 383.5843], [643.2002, 383.0421], [639.7126, 383.36], [638.6213, 385.8588], [636.256, 387.2042], [633.7972, 389.5185], [630.9124, 391.02], [628.4144, 391.6073], [627.1745, 389.5873], [628.5048, 385.1673], [630.3079, 381.0278], [626.6075, 380.7467], [624.3429, 378.5491], [622.1698, 377.9585], [620.5144, 379.6485], [616.5577, 378.5238], [612.6628, 378.0164], [610.3996, 377.5333], [610.9913, 375.8025], [610.1489, 374.3509], [610.5498, 372.779], [611.6605, 371.0169], [612.9739, 372.0134], [613.239, 369.2001], [613.3032, 366.2353], [614.2688, 364.1969], [615.6803, 362.3603], [615.652, 358.5179], [618.424, 357.8779], [620.903, 356.4424], [624.0679, 355.5539], [626.1906, 353.8485], [628.8207, 353.9431], [630.9319, 351.7889], [631.5333, 349.119], [634.3326, 348.9914], [635.4192, 347.6373], [635.9161, 346.6135], [636.8, 347.2], [636.8, 347.2]]]}}, {"type": "Feature", "id": "mun_20249", "properties": {"id": "20249", "name": "Kalinovik", "layer": "municipality", "center_svg": [546, 643], "population_1991": {"total": 4249, "bosniaks": 1314, "croats": 17, "serbs": 2814, "others": 104}}, "geometry": {"type": "Polygon", "coordinates": [[[576.0, 591.36], [582.0389, 596.4524], [587.9049, 600.6217], [582.9728, 604.2441], [583.4555, 609.7289], [579.9762, 615.1563], [578.7482, 621.1332], [579.179, 624.1565], [578.6048, 627.8319], [577.5584, 633.875], [574.8417, 639.0856], [578.7266, 644.0061], [576.4112, 648.5319], [576.7217, 653.0184], [581.12, 654.4], [578.7796, 658.8767], [578.2531, 663.19], [575.2618, 668.5601], [576.7522, 672.5445], [573.493, 675.8165], [564.9911, 672.7356], [557.0511, 673.6224], [551.8445, 681.6466], [544.0093, 681.4134], [536.3938, 678.9099], [530.7857, 673.1379], [527.7351, 667.1487], [526.4984, 663.5996], [522.7678, 661.5356], [517.2057, 660.6724], [514.7669, 666.6599], [508.5438, 665.0632], [504.0522, 661.7697], [506.7497, 655.2159], [512.8678, 652.4736], [512.9965, 646.2483], [510.9577, 639.8828], [513.0212, 638.7933], [517.44, 637.76], [525.6984, 638.6276], [534.0119, 637.5785], [536.8626, 635.0227], [535.7058, 627.0272], [535.739, 616.8945], [539.2, 608.96], [543.5683, 607.1099], [545.8658, 603.5174], [549.7454, 606.6561], [552.2164, 602.7464], [554.8947, 599.5212], [561.7404, 598.6642], [566.3315, 596.0444], [567.9571, 591.4103], [572.0487, 591.0764], [576.0, 591.36], [576.0, 591.36]]]}}, {"type": "Feature", "id": "mun_10472", "properties": {"id": "10472", "name": "Kiseljak", "layer": "municipality", "center_svg": [476, 510], "population_1991": {"total": 24164, "bosniaks": 9778, "croats": 12550, "serbs": 740, "others": 1096}}, "geometry": {"type": "Polygon", "coordinates": [[[470.72, 481.6], [473.6229, 482.6695], [476.1858, 483.4432], [477.5337, 485.8473], [478.5424, 488.2849], [480.4516, 492.156], [480.6405, 496.96], [484.3502, 500.3819], [489.67, 501.9126], [489.1507, 505.58], [488.8571, 508.5809], [492.4736, 507.5472], [493.8187, 510.43], [494.5184, 513.0353], [497.2323, 513.1969], [498.8811, 516.5853], [500.7118, 519.473], [502.656, 523.2499], [504.3531, 527.3627], [502.9736, 532.2118], [499.3174, 535.5049], [496.8974, 538.0815], [493.8841, 537.8286], [492.0647, 540.08], [489.41, 541.5012], [487.7852, 543.3978], [486.2057, 542.9854], [485.6466, 540.5282], [489.1679, 537.8074], [489.9516, 535.0534], [490.0812, 531.8401], [488.971, 530.7797], [489.7131, 527.2474], [491.9423, 523.8727], [490.1773, 521.1127], [486.9231, 519.5763], [483.2678, 518.7335], [477.8597, 517.8176], [473.2701, 514.8963], [472.5657, 511.5844], [469.1767, 511.0382], [469.0926, 508.5146], [471.361, 504.124], [471.0484, 499.6696], [467.2689, 496.9018], [462.9869, 494.7583], [457.7224, 493.3569], [455.7833, 490.3568], [458.6721, 488.9625], [462.1358, 485.9845], [465.7901, 484.1733], [467.2249, 482.5971], [469.2235, 481.1692], [470.0444, 481.2471], [470.72, 481.6], [470.72, 481.6]]]}}, {"type": "Feature", "id": "mun_10499", "properties": {"id": "10499", "name": "Kladanj", "layer": "municipality", "center_svg": [596, 425], "population_1991": {"total": 15765, "bosniaks": 11976, "croats": 35, "serbs": 3299, "others": 455}}, "geometry": {"type": "Polygon", "coordinates": [[[627.52, 393.6], [623.0437, 397.6772], [616.9511, 399.909], [614.6043, 406.1225], [615.3895, 413.056], [618.2748, 419.2015], [619.809, 425.858], [623.6607, 430.3021], [627.8496, 434.4508], [627.7409, 439.4054], [627.8396, 444.8091], [626.0431, 448.6523], [620.3072, 446.7487], [614.4074, 446.1065], [608.8455, 449.3942], [604.4814, 449.3748], [600.7783, 446.4455], [599.5665, 444.2788], [597.4167, 443.6673], [592.0924, 444.0435], [586.8797, 442.88], [584.3157, 440.941], [581.5283, 439.2878], [578.427, 435.0282], [573.9238, 432.6649], [572.5605, 426.9944], [572.9715, 421.1505], [573.9283, 415.4178], [577.6681, 410.8956], [579.6018, 407.5062], [578.4073, 404.5829], [579.8924, 403.4137], [583.4443, 405.1426], [584.4697, 407.5126], [587.2567, 408.0446], [589.7614, 404.4684], [593.9908, 403.0613], [597.2502, 398.3098], [602.4044, 398.4], [605.9836, 399.5062], [607.8242, 396.8723], [611.4619, 399.5988], [615.1479, 399.0428], [616.5719, 395.5838], [618.6426, 394.3771], [622.868, 393.7973], [627.5197, 393.6], [627.52, 393.6]]]}}, {"type": "Feature", "id": "mun_11509", "properties": {"id": "11509", "name": "Ključ", "layer": "municipality", "center_svg": [227, 337], "population_1991": {"total": 28284, "bosniaks": 17657, "croats": 323, "serbs": 9517, "others": 787}}, "geometry": {"type": "Polygon", "coordinates": [[[235.52, 320.96], [240.6669, 318.5001], [246.6012, 318.5033], [246.7918, 323.3039], [249.9267, 326.3745], [252.5828, 331.5605], [251.8497, 337.7959], [254.4158, 343.7972], [254.4, 349.76], [248.2309, 350.7253], [242.6835, 352.7067], [240.6801, 357.4433], [234.4757, 356.8082], [230.5428, 357.9309], [225.4337, 355.9401], [218.9025, 354.0112], [212.2234, 352.6047], [208.5414, 351.7094], [207.7179, 348.3441], [204.3122, 343.2656], [197.9034, 341.44], [193.0298, 337.0699], [188.0044, 332.8807], [184.5312, 328.2156], [182.7422, 322.9439], [186.4441, 318.8356], [190.6972, 314.1163], [195.7699, 311.7472], [201.4567, 314.24], [207.0503, 317.1914], [213.3365, 318.4199], [218.7883, 318.5069], [223.7027, 321.1943], [226.3503, 318.4645], [227.7634, 314.0435], [229.5831, 310.5624], [230.9633, 310.6892], [231.2902, 313.7169], [231.9626, 316.7231], [234.0048, 318.5104], [235.52, 320.96], [235.52, 320.96]]]}}, {"type": "Feature", "id": "mun_20257", "properties": {"id": "20257", "name": "Kneževo", "layer": "municipality", "center_svg": [344, 358], "population_1991": {"total": 15404, "bosniaks": 1068, "croats": 418, "serbs": 13659, "others": 259}}, "geometry": {"type": "Polygon", "coordinates": [[[323.52, 318.4], [326.704, 320.2752], [330.24, 322.56], [329.9849, 326.5523], [326.865, 330.9643], [325.1977, 336.3922], [329.7221, 339.837], [331.8658, 343.0154], [335.3558, 342.2709], [338.139, 345.0817], [340.3606, 343.2597], [344.113, 342.5451], [346.807, 339.8369], [348.6619, 339.4981], [351.5911, 341.5953], [352.7247, 346.2305], [356.8, 349.44], [356.7254, 353.7788], [360.7094, 355.3066], [362.1121, 356.0304], [363.5009, 357.722], [364.9029, 362.4254], [361.3147, 366.9685], [365.3707, 370.1859], [368.5528, 373.6604], [372.7274, 375.3942], [372.8013, 377.7357], [377.0951, 380.9578], [379.3585, 385.1188], [384.7143, 385.0654], [387.8414, 388.339], [391.2564, 390.3469], [391.5289, 396.678], [386.7124, 400.4467], [379.7429, 399.9107], [375.4331, 395.6451], [369.8221, 395.9616], [365.0556, 390.4906], [360.1283, 385.0477], [354.8464, 379.6641], [349.3834, 374.9554], [345.8003, 371.7428], [341.0376, 371.2595], [337.2919, 372.6704], [333.1626, 376.2295], [327.9836, 374.6659], [323.465, 372.3442], [320.1362, 367.8919], [323.2, 362.016], [322.1328, 357.9392], [324.5308, 354.4225], [324.1652, 346.1289], [320.3662, 338.9392], [317.7303, 335.1049], [318.8768, 330.8676], [318.0676, 325.6348], [316.2573, 320.9443], [319.9166, 319.6159], [323.52, 318.4], [323.52, 318.4]]]}}, {"type": "Feature", "id": "mun_10529", "properties": {"id": "10529", "name": "Konjic", "layer": "municipality", "center_svg": [477, 603], "population_1991": {"total": 44264, "bosniaks": 24192, "croats": 11513, "serbs": 6625, "others": 1934}}, "geometry": {"type": "Polygon", "coordinates": [[[437.44, 526.08], [440.5259, 526.9809], [444.54, 528.4138], [446.4237, 532.3381], [450.2577, 533.5402], [452.8293, 543.2542], [459.8759, 550.08], [464.9744, 546.0305], [469.7616, 548.4768], [472.7543, 557.6089], [478.1814, 565.3298], [481.7858, 568.4736], [477.5507, 570.7992], [478.9176, 573.7109], [480.6747, 576.9935], [486.7574, 578.2691], [493.1599, 579.6972], [496.0021, 576.3635], [499.1992, 576.7491], [502.6162, 581.3541], [506.9919, 585.3305], [511.3559, 590.8594], [509.3367, 596.1821], [511.3652, 600.2168], [514.24, 598.08], [518.5509, 602.6335], [521.9171, 606.8622], [526.1781, 600.3545], [529.99, 595.3131], [535.7758, 596.2534], [537.1192, 600.9584], [539.4096, 605.9036], [544.7618, 603.7831], [539.7612, 608.8619], [535.8018, 615.4558], [536.0228, 626.6451], [536.9954, 637.6298], [534.0932, 638.2029], [530.0246, 638.1767], [520.8407, 638.2165], [511.7529, 639.0834], [503.0537, 640.4018], [495.0416, 638.8808], [485.271, 637.9554], [476.4162, 637.5679], [471.3639, 633.0877], [469.3641, 628.0645], [462.9792, 626.4787], [456.32, 624.96], [451.1291, 617.32], [443.7259, 612.61], [441.4648, 609.9268], [438.9378, 604.3607], [438.3519, 596.5867], [436.5875, 589.6242], [437.804, 584.206], [438.4787, 577.8447], [431.2557, 575.152], [424.96, 569.92], [422.3613, 563.8141], [419.6035, 557.0721], [415.097, 558.2861], [412.6121, 555.1467], [416.5362, 552.8637], [421.6353, 549.2877], [425.3823, 541.0973], [427.52, 532.16], [430.7704, 530.5158], [432.4165, 527.0539], [435.5309, 524.3658], [437.44, 526.08], [437.44, 526.08]]]}}, {"type": "Feature", "id": "mun_20273", "properties": {"id": "20273", "name": "Kostajnica", "layer": "municipality", "center_svg": [191, 164], "population_1991": {"total": 6231, "bosniaks": 1707, "croats": 166, "serbs": 4041, "others": 317}}, "geometry": {"type": "Polygon", "coordinates": [[[204.16, 160.64], [205.0673, 161.9843], [205.4486, 163.3771], [203.2096, 163.5705], [201.2729, 164.5777], [200.2746, 165.9265], [200.6478, 167.5482], [200.8854, 169.5707], [199.767, 171.1237], [199.5311, 172.1], [199.3241, 173.166], [201.1559, 174.1122], [203.2, 175.0399], [204.3729, 175.7103], [204.48, 177.2517], [204.0639, 178.2093], [202.7755, 178.5937], [201.0005, 179.5816], [199.6647, 180.8781], [199.9314, 182.6487], [200.0, 184.3199], [199.1881, 185.0521], [198.5879, 186.0235], [197.6236, 186.835], [196.3283, 186.4471], [196.2574, 187.4443], [195.5137, 187.4121], [194.0366, 187.0288], [193.2837, 188.6576], [191.9042, 187.8373], [191.4586, 185.9994], [189.8226, 186.9337], [188.16, 187.8399], [188.223, 185.6121], [188.0188, 183.5469], [188.4792, 181.7606], [188.133, 180.1238], [186.0148, 180.125], [184.9853, 178.5843], [184.3033, 176.8166], [183.0683, 175.3676], [181.1598, 174.3763], [179.1817, 173.7022], [177.7191, 174.2099], [176.3344, 174.5006], [175.9686, 172.2266], [176.9307, 170.2699], [178.1797, 168.6578], [178.9754, 166.7679], [179.4633, 164.5857], [181.0727, 163.1942], [182.6271, 161.9489], [184.2389, 160.779], [186.361, 159.6272], [188.7068, 159.6826], [190.3584, 160.7229], [192.2552, 160.9599], [194.7712, 160.6248], [197.2858, 160.241], [199.1093, 158.9489], [201.115, 158.8064], [202.5891, 159.8297], [204.16, 160.64]]]}}, {"type": "Feature", "id": "mun_20281", "properties": {"id": "20281", "name": "Kotor Varoš", "layer": "municipality", "center_svg": [362, 331], "population_1991": {"total": 36853, "bosniaks": 11090, "croats": 10695, "serbs": 14056, "others": 1012}}, "geometry": {"type": "Polygon", "coordinates": [[[349.76, 307.2], [352.109, 309.8689], [354.5034, 312.32], [357.7294, 314.0896], [360.6417, 316.2755], [362.9374, 318.4131], [366.9468, 319.9825], [371.4738, 316.6833], [376.96, 316.48], [382.0192, 316.1446], [384.6797, 319.8032], [385.6822, 326.538], [384.5407, 332.9592], [388.2455, 335.3498], [392.5063, 336.1863], [394.2704, 343.7371], [392.1509, 350.3779], [387.4108, 353.4963], [389.2111, 357.5392], [394.6751, 359.3968], [400.0, 361.28], [397.8542, 364.9527], [400.0, 370.56], [400.3845, 373.6403], [402.7207, 374.0647], [406.0555, 374.3714], [406.0847, 376.4213], [404.9669, 380.5884], [407.7187, 382.1584], [408.8416, 385.2857], [411.2203, 387.4766], [416.3032, 387.8414], [414.7604, 391.423], [408.8699, 393.1691], [403.2443, 395.6815], [399.3205, 398.7445], [394.5089, 398.0439], [391.2927, 397.0934], [390.5912, 392.1402], [391.1113, 388.3074], [387.2974, 388.0988], [385.3961, 385.1749], [381.2919, 384.6401], [379.1642, 383.5387], [377.0569, 381.0534], [373.7694, 378.9197], [374.4517, 376.6554], [369.7171, 374.1057], [366.5343, 370.2071], [362.3624, 368.309], [363.0652, 364.4798], [365.0439, 362.6054], [365.2699, 359.9674], [363.3268, 356.8864], [360.953, 355.9832], [358.4849, 354.9276], [356.2166, 352.96], [356.1249, 350.1928], [354.7806, 347.9699], [351.7612, 343.5886], [348.2732, 339.84], [345.7331, 341.0136], [341.8166, 342.4], [339.1994, 344.9963], [336.64, 343.68], [333.2233, 343.1143], [331.0861, 341.5399], [329.51, 339.4173], [327.1737, 338.3737], [325.2611, 333.1507], [329.3183, 327.3944], [330.986, 324.7451], [330.4001, 322.3399], [331.586, 318.2105], [335.0446, 315.4006], [337.9645, 311.814], [338.24, 307.84], [343.9866, 309.5383], [349.1996, 306.8295], [349.76, 307.2]]]}}, {"type": "Feature", "id": "mun_20265", "properties": {"id": "20265", "name": "Kozarska Dubica", "layer": "municipality", "center_svg": [235, 187], "population_1991": {"total": 31606, "bosniaks": 6440, "croats": 488, "serbs": 21728, "others": 2950}}, "geometry": {"type": "Polygon", "coordinates": [[[267.84, 153.92], [264.7765, 157.8067], [267.4845, 160.0746], [270.9758, 160.1099], [272.6956, 158.4575], [270.1968, 156.4371], [271.705, 154.2676], [274.0719, 158.2067], [276.2316, 162.3075], [277.2767, 165.5472], [275.4687, 169.7401], [277.1805, 173.9605], [275.0717, 177.5825], [272.6314, 179.2476], [273.7582, 181.1376], [273.2757, 184.7795], [273.4681, 188.4071], [272.0859, 192.9012], [273.7979, 197.1518], [271.4989, 199.2218], [271.5034, 202.8704], [266.5736, 202.7357], [262.8645, 205.4105], [259.9677, 207.7801], [257.1868, 206.9064], [252.7168, 207.9617], [247.8071, 206.5587], [241.4153, 207.0229], [235.3125, 206.1839], [230.5471, 202.3497], [227.7759, 197.3898], [225.9789, 196.7339], [223.1115, 197.4743], [221.3959, 199.3909], [219.218, 200.309], [218.8298, 202.1096], [217.8752, 201.3058], [216.444, 201.4317], [214.6687, 200.9486], [212.7218, 200.8501], [211.3633, 199.3944], [208.3763, 200.5853], [205.4667, 200.9461], [203.2556, 199.1282], [201.8452, 196.7577], [197.8722, 195.3389], [195.52, 192.4315], [195.1069, 189.8729], [193.3259, 188.2231], [195.1659, 187.2115], [196.5699, 186.3792], [198.5545, 186.0889], [200.2543, 184.1087], [199.7406, 180.8706], [202.2153, 179.1996], [204.4851, 176.8824], [202.322, 174.5882], [199.5823, 172.8322], [200.8611, 169.7849], [200.4754, 166.208], [202.56, 163.5199], [209.0079, 164.4379], [215.1587, 166.7785], [221.1207, 167.0503], [227.3473, 166.2273], [233.7052, 169.0775], [240.2204, 171.7215], [246.0205, 170.2157], [246.2762, 164.7666], [246.0113, 162.4022], [248.96, 163.5199], [248.7143, 165.4979], [249.4865, 165.9122], [251.0901, 163.1235], [253.6825, 162.7147], [252.4199, 161.1907], [251.2186, 159.2503], [253.1907, 159.189], [253.7607, 160.924], [254.7967, 159.0595], [254.5122, 156.1877], [252.8901, 156.4783], [253.3613, 155.5412], [256.1184, 154.9876], [255.9496, 153.4424], [255.6035, 152.1682], [257.2577, 153.7303], [260.7074, 152.01], [262.6017, 147.5102], [265.6251, 148.957], [268.2375, 152.0527], [268.482, 153.0798], [267.84, 153.92]]]}}, {"type": "Feature", "id": "mun_10545", "properties": {"id": "10545", "name": "Kreševo", "layer": "municipality", "center_svg": [463, 539], "population_1991": {"total": 6731, "bosniaks": 1531, "croats": 4714, "serbs": 34, "others": 452}}, "geometry": {"type": "Polygon", "coordinates": [[[474.88, 516.8], [477.041, 517.3498], [479.1694, 518.1925], [481.0522, 518.5777], [482.8711, 518.4855], [484.3786, 519.8647], [486.1008, 519.291], [487.5606, 519.6149], [488.9002, 519.3329], [489.5811, 520.1984], [490.2732, 521.3539], [491.4936, 521.9913], [491.5915, 523.3343], [492.0865, 524.279], [490.7126, 525.7896], [489.8142, 527.2861], [489.9692, 528.912], [489.0396, 530.6503], [488.4041, 532.0896], [489.7403, 531.9773], [490.6046, 532.6596], [490.5552, 533.8473], [490.56, 535.04], [488.7886, 536.2934], [489.208, 537.9816], [487.5444, 538.8457], [485.8554, 539.9097], [484.9745, 541.7933], [485.273, 543.8423], [485.8912, 544.779], [485.0724, 545.3839], [482.6661, 545.4404], [480.1827, 545.2766], [477.9755, 545.7965], [476.4774, 547.0398], [474.8891, 547.9543], [473.1503, 547.9807], [471.1387, 548.8901], [469.9761, 547.9957], [469.0647, 547.1117], [467.5569, 546.2613], [465.3763, 545.4839], [463.36, 546.4558], [462.1275, 548.3958], [460.4138, 549.9855], [458.6436, 549.5423], [456.7819, 548.8542], [454.9513, 547.1543], [453.7575, 545.0374], [452.697, 542.9899], [451.8319, 540.8786], [452.3394, 538.7018], [452.9267, 536.6712], [453.7534, 535.1798], [454.1402, 533.1726], [455.0464, 530.9421], [456.8496, 530.2564], [457.8742, 531.1695], [458.7127, 530.0872], [460.2614, 529.8161], [461.1219, 530.9674], [463.6044, 531.5984], [466.1378, 532.0763], [466.4245, 530.1468], [465.0455, 528.6921], [464.0497, 527.5568], [463.1925, 526.0913], [463.6083, 524.3229], [465.5425, 523.207], [466.8502, 521.501], [468.0212, 519.5766], [469.2231, 517.788], [471.0411, 516.8356], [472.3199, 514.9945], [473.802, 515.7214], [474.339, 516.2626], [474.88, 516.7999], [474.88, 516.8]]]}}, {"type": "Feature", "id": "mun_20290", "properties": {"id": "20290", "name": "Krupa na Uni", "layer": "municipality", "center_svg": [140, 249], "population_1991": {"total": 2904, "bosniaks": 81, "croats": 5, "serbs": 2806, "others": 12}}, "geometry": {"type": "Polygon", "coordinates": [[[127.04, 224.0], [129.0676, 224.3221], [128.6379, 225.9022], [128.84, 228.2455], [128.0192, 230.2654], [128.6971, 231.6824], [129.7351, 233.0203], [131.5623, 234.5358], [132.904, 236.6232], [133.9996, 238.6392], [133.785, 240.96], [133.2077, 243.2238], [134.4821, 244.8067], [136.2973, 243.9757], [137.9172, 242.6335], [138.7877, 240.5168], [140.413, 238.9866], [142.5121, 238.3926], [143.37, 241.058], [142.7107, 243.3603], [144.0534, 244.6737], [145.7669, 244.9399], [147.2162, 245.765], [149.1075, 244.5966], [151.0962, 243.55], [153.0534, 243.3274], [154.7871, 242.6744], [154.3029, 243.6737], [153.6891, 244.7996], [152.5608, 246.9956], [152.969, 249.83], [153.0117, 252.2145], [154.7166, 253.9578], [156.585, 254.1039], [155.774, 255.0826], [154.8329, 256.7172], [154.4033, 258.7229], [156.4475, 260.4329], [155.5641, 262.0571], [154.7629, 264.5129], [153.1783, 266.1272], [151.902, 268.1659], [149.6466, 269.0875], [147.476, 268.7655], [146.1496, 267.1086], [144.1761, 264.5683], [143.3734, 261.649], [142.4794, 259.8808], [142.0523, 257.9246], [139.7991, 256.5618], [138.2812, 254.5833], [136.4757, 252.7247], [133.9932, 251.5893], [132.8005, 250.9706], [131.5663, 250.6649], [129.9318, 248.8144], [128.5859, 246.8967], [127.1482, 245.064], [126.4, 242.7641], [126.2149, 240.3161], [125.2259, 238.0755], [122.8135, 236.3482], [122.2103, 233.6553], [123.9322, 232.4335], [123.5179, 230.5206], [123.0172, 228.8014], [123.8425, 227.1103], [123.9692, 224.8296], [125.7395, 223.6897], [126.4485, 223.4701], [127.04, 224.0]]]}}, {"type": "Feature", "id": "mun_11517", "properties": {"id": "11517", "name": "Kupres (FBIH)", "layer": "municipality", "center_svg": [311, 500], "population_1991": {"total": 8836, "bosniaks": 802, "croats": 3812, "serbs": 4091, "others": 131}}, "geometry": {"type": "Polygon", "coordinates": [[[305.92, 477.44], [313.184, 476.541], [320.3936, 475.4226], [324.2386, 474.8306], [326.0644, 477.7509], [328.1741, 479.4291], [328.4839, 481.6281], [328.956, 483.4332], [330.7334, 484.074], [331.1417, 486.4862], [332.6398, 487.4002], [333.8246, 488.7867], [334.4184, 490.7185], [336.0085, 497.1073], [339.543, 502.093], [339.462, 504.0899], [340.3512, 506.2891], [341.2897, 510.231], [344.2713, 513.8774], [347.7029, 510.7293], [351.3639, 508.1029], [354.391, 512.2244], [357.5733, 516.6691], [357.1636, 520.8592], [358.8321, 520.479], [361.8256, 523.6245], [360.462, 527.2916], [355.9618, 529.7421], [353.5402, 534.0458], [348.738, 536.7135], [346.9004, 541.9126], [347.5509, 548.1413], [349.3211, 553.963], [346.5719, 556.3872], [344.4221, 559.1011], [340.5739, 555.7657], [336.184, 552.9556], [332.4191, 553.552], [329.3458, 551.9498], [326.3275, 550.6877], [324.6023, 547.6235], [323.6276, 542.2178], [321.5574, 536.6678], [321.2549, 534.3597], [320.6764, 532.9344], [318.5236, 529.9096], [314.2807, 526.9031], [312.9226, 526.1274], [310.3489, 526.056], [307.9408, 527.3286], [305.3229, 525.444], [300.2628, 527.1952], [295.0823, 524.9459], [292.3379, 527.165], [290.0188, 525.3232], [287.7084, 523.1462], [288.3625, 520.4321], [290.0702, 517.1548], [291.892, 513.9292], [290.0005, 510.5167], [290.2262, 507.5269], [289.9872, 502.3696], [291.8022, 497.5721], [289.9372, 493.0089], [290.5181, 488.1262], [288.7793, 485.0755], [290.0061, 482.0858], [289.6907, 477.0884], [289.3479, 472.134], [289.9775, 471.2742], [293.8156, 473.2679], [299.4329, 475.8074], [305.3781, 477.1733], [305.92, 477.44], [305.92, 477.44]]]}}, {"type": "Feature", "id": "mun_20303", "properties": {"id": "20303", "name": "Kupres (RS)", "layer": "municipality", "center_svg": [303, 471], "population_1991": {"total": 782, "bosniaks": 0, "croats": 1, "serbs": 773, "others": 8}}, "geometry": {"type": "Polygon", "coordinates": [[[299.52, 465.28], [300.8522, 466.2186], [302.5335, 466.7826], [304.1143, 467.4041], [305.7111, 467.8305], [306.6139, 467.026], [307.4953, 466.8761], [309.0441, 467.4231], [310.6057, 467.9964], [312.6448, 469.0857], [314.7287, 470.1538], [316.3251, 471.0589], [317.8196, 471.9355], [320.3056, 471.7567], [322.7409, 472.2504], [323.8278, 473.3266], [324.7878, 474.3951], [322.8746, 474.9477], [320.86, 475.2751], [319.0882, 475.6162], [317.3194, 475.8228], [315.5921, 476.1086], [313.8825, 476.486], [311.6489, 476.7859], [309.3992, 477.1237], [307.778, 477.3126], [306.1794, 477.3474], [304.2496, 477.114], [302.2983, 476.8119], [300.4829, 476.2516], [298.7371, 475.443], [296.9312, 474.6443], [295.1122, 473.8792], [293.5288, 473.1224], [291.8967, 472.4579], [289.7349, 471.1789], [287.8151, 469.5582], [287.4537, 468.2468], [288.295, 467.4976], [290.6926, 466.1759], [293.3073, 465.5863], [294.7705, 465.4655], [296.0921, 464.8353], [297.1499, 464.4216], [297.432, 463.5019], [298.9066, 463.8443], [299.52, 465.28]]]}}, {"type": "Feature", "id": "mun_20311", "properties": {"id": "20311", "name": "Laktaši", "layer": "municipality", "center_svg": [340, 245], "population_1991": {"total": 29832, "bosniaks": 408, "croats": 2565, "serbs": 24176, "others": 2683}}, "geometry": {"type": "Polygon", "coordinates": [[[353.92, 227.52], [356.9766, 228.0656], [360.2928, 227.6653], [361.6557, 228.5782], [363.1741, 228.087], [363.0106, 231.3802], [364.0876, 234.6537], [363.8626, 236.0854], [365.1462, 237.0482], [364.7989, 239.4011], [365.5709, 241.2445], [366.9078, 243.1941], [365.5235, 244.3864], [363.2719, 245.3385], [362.88, 247.2034], [363.4234, 250.5002], [364.3165, 253.7045], [363.3291, 256.0009], [360.96, 258.1402], [359.4677, 259.4548], [358.7619, 261.0837], [359.104, 263.8489], [359.6387, 266.6904], [363.1333, 266.9213], [365.9607, 269.0783], [367.5223, 270.0428], [365.8489, 270.631], [364.8876, 272.5485], [363.7334, 274.5437], [362.3178, 275.2893], [361.2159, 276.5101], [360.0087, 278.2404], [360.5128, 280.1757], [358.4249, 281.4404], [355.4198, 280.0432], [352.3515, 280.3121], [349.9756, 281.6078], [347.2634, 282.6193], [344.8178, 283.0416], [342.6969, 283.2275], [340.9253, 282.2584], [338.9547, 280.2531], [336.3385, 279.409], [332.8652, 279.5581], [329.7713, 281.0445], [327.2656, 279.1948], [327.381, 276.0688], [325.9032, 273.4342], [326.0731, 271.0417], [324.5236, 268.7186], [323.2457, 266.312], [321.3631, 265.6988], [318.8478, 265.2077], [317.4821, 263.0684], [316.0624, 260.9724], [314.9566, 257.4463], [314.2827, 253.5288], [313.2825, 251.8817], [314.5407, 250.3315], [314.7269, 247.8353], [314.0392, 245.6069], [312.0112, 244.0795], [310.7054, 241.9865], [310.5582, 239.3836], [312.2062, 237.8941], [314.4002, 235.2125], [317.0406, 233.2296], [319.4682, 233.4368], [321.6724, 232.707], [323.893, 235.3449], [326.1159, 237.7873], [328.0558, 235.602], [330.3183, 233.2392], [332.831, 231.8527], [333.1123, 229.0204], [335.3208, 227.0732], [338.3731, 225.4293], [341.7713, 225.9849], [345.1943, 226.9863], [348.4344, 227.4605], [350.003, 225.3886], [352.0286, 226.0974], [353.92, 227.52], [353.92, 227.52]]]}}, {"type": "Feature", "id": "mun_10588", "properties": {"id": "10588", "name": "Livno", "layer": "municipality", "center_svg": [253, 536], "population_1991": {"total": 40600, "bosniaks": 5793, "croats": 29324, "serbs": 3913, "others": 1570}}, "geometry": {"type": "Polygon", "coordinates": [[[214.08, 480.0], [216.491, 480.1428], [215.8679, 482.0644], [218.5081, 484.3559], [220.8, 487.04], [228.5993, 491.9117], [236.9127, 493.8404], [241.2536, 500.0471], [246.3344, 504.7767], [253.6157, 505.4338], [260.0787, 509.366], [261.7675, 514.9236], [264.3688, 519.7146], [268.0672, 525.6469], [275.1993, 529.3891], [281.5988, 527.171], [287.3572, 523.2448], [291.4419, 526.596], [295.8344, 525.1485], [298.7505, 526.8478], [298.4089, 529.7318], [300.6546, 536.3121], [298.235, 541.3636], [298.1257, 544.7519], [297.9107, 548.5161], [303.6406, 551.4362], [303.4142, 555.6635], [300.0547, 560.3089], [295.36, 563.52], [293.9504, 568.3323], [290.269, 570.7055], [284.8162, 572.8994], [280.9327, 577.0266], [276.6574, 581.5267], [273.9538, 587.4728], [268.086, 583.4929], [260.4682, 583.3748], [252.9808, 579.8289], [247.1619, 573.2109], [243.3103, 571.2187], [239.8647, 568.2646], [235.0877, 561.3823], [228.7873, 555.7303], [223.7217, 554.8376], [221.1689, 551.0732], [217.7226, 543.404], [217.0261, 534.3388], [210.0246, 528.5264], [202.8593, 522.8589], [196.746, 516.1686], [191.1451, 508.9173], [185.7653, 505.6961], [185.92, 501.76], [190.0688, 498.7276], [194.4905, 500.8287], [200.0257, 496.8573], [204.6698, 491.8591], [205.3917, 484.8489], [210.0994, 480.278], [212.0917, 479.0474], [214.08, 480.0]]]}}, {"type": "Feature", "id": "mun_20320", "properties": {"id": "20320", "name": "Lopare", "layer": "municipality", "center_svg": [631, 320], "population_1991": {"total": 20288, "bosniaks": 2591, "croats": 58, "serbs": 16832, "others": 807}}, "geometry": {"type": "Polygon", "coordinates": [[[632.32, 282.24], [634.2144, 282.9962], [636.2962, 283.564], [638.6797, 283.4619], [640.3335, 282.6409], [642.9275, 284.6283], [646.2591, 285.104], [647.6798, 286.5251], [649.3228, 287.9851], [650.3968, 290.7408], [649.8859, 293.7864], [647.3756, 295.6657], [645.7916, 298.4344], [645.1862, 300.7907], [645.12, 303.04], [646.7319, 303.0287], [648.1403, 303.844], [647.4082, 306.4645], [645.2099, 308.9658], [643.6332, 311.3495], [645.717, 312.5445], [648.0706, 314.8456], [650.8358, 313.6879], [653.9832, 314.8009], [656.3999, 317.0473], [654.3145, 319.2493], [653.761, 321.6], [654.5349, 325.3772], [654.977, 329.3906], [653.218, 331.3848], [652.7427, 333.8619], [651.7333, 336.9809], [650.3705, 339.9629], [650.2348, 342.0653], [648.5827, 343.0371], [646.8673, 345.1728], [644.7488, 347.2406], [641.431, 347.7496], [638.3155, 346.7917], [635.4457, 345.8015], [634.1346, 343.5486], [632.5813, 342.4271], [631.3929, 340.8658], [628.4121, 339.6929], [625.0124, 339.6619], [622.2212, 338.1263], [622.08, 334.5585], [621.4759, 332.8764], [618.8848, 331.4828], [615.7957, 329.5582], [613.9423, 326.4723], [611.914, 323.6601], [611.0289, 320.2654], [612.0311, 316.8314], [612.847, 313.3397], [613.2586, 309.4082], [615.78, 306.5338], [618.9202, 304.7926], [622.2653, 303.5042], [625.5169, 302.8223], [628.7309, 301.9465], [630.1521, 298.5366], [630.7857, 294.8185], [630.6742, 291.8712], [627.6747, 290.5858], [626.4217, 289.3058], [628.1789, 288.3132], [627.7624, 286.5356], [629.0933, 285.6057], [630.1916, 283.8613], [631.4777, 282.1096], [631.9742, 281.8869], [632.32, 282.24]]]}}, {"type": "Feature", "id": "mun_10600", "properties": {"id": "10600", "name": "Lukavac", "layer": "municipality", "center_svg": [552, 352], "population_1991": {"total": 56355, "bosniaks": 38078, "croats": 2159, "serbs": 11463, "others": 4655}}, "geometry": {"type": "Polygon", "coordinates": [[[558.4, 320.96], [562.032, 322.0069], [565.5314, 321.2653], [568.647, 321.1231], [571.4812, 322.0255], [573.5573, 324.2015], [575.7752, 326.1375], [575.7759, 329.3989], [576.7565, 332.5965], [577.0675, 336.3266], [575.9186, 339.6625], [575.8387, 342.6863], [576.5302, 345.568], [578.3189, 348.3949], [579.3799, 350.8502], [579.8342, 352.1745], [580.1987, 353.9294], [580.6773, 355.6245], [579.2654, 356.4661], [577.9538, 357.7469], [576.5004, 358.308], [575.0013, 361.2889], [572.5053, 363.7894], [570.0944, 366.1226], [568.1588, 368.7207], [566.8351, 370.1387], [568.2104, 371.016], [566.8544, 373.5441], [564.2799, 373.5854], [562.1525, 374.6483], [560.3361, 373.6786], [558.9803, 372.0103], [558.468, 369.7101], [555.6063, 370.7363], [554.8759, 373.747], [552.7112, 375.0298], [552.2463, 377.4274], [549.8236, 377.2704], [547.1662, 374.9981], [546.3703, 374.1077], [545.4752, 374.8552], [543.6359, 371.6828], [540.9042, 369.1301], [538.1035, 367.43], [535.0345, 366.9569], [532.8918, 366.9598], [531.4101, 365.7369], [530.1885, 362.8038], [529.1438, 359.6185], [527.6126, 357.1658], [525.5032, 356.3466], [524.0382, 353.6955], [527.0296, 352.2807], [527.2811, 350.9635], [527.3601, 349.0525], [525.5035, 346.6428], [526.7255, 344.473], [525.3342, 341.388], [526.0547, 339.0527], [529.3525, 337.982], [532.7294, 338.5431], [535.8834, 339.0895], [539.1567, 338.8619], [542.6096, 337.5878], [546.2295, 336.9761], [549.3427, 335.4301], [550.0733, 332.7549], [551.2912, 330.2389], [549.8793, 327.5794], [551.2826, 326.1933], [551.492, 324.4122], [553.6851, 321.7663], [556.2829, 319.7277], [557.3797, 320.1535], [558.4, 320.96], [558.4, 320.96]]]}}, {"type": "Feature", "id": "mun_20338", "properties": {"id": "20338", "name": "Ljubinje", "layer": "municipality", "center_svg": [491, 780], "population_1991": {"total": 4172, "bosniaks": 332, "croats": 39, "serbs": 3748, "others": 53}}, "geometry": {"type": "Polygon", "coordinates": [[[498.56, 751.04], [500.882, 752.9388], [504.3304, 754.2977], [504.8217, 757.0895], [504.236, 760.7171], [505.4736, 764.8634], [508.3126, 768.0225], [509.3172, 771.4832], [508.6147, 774.5506], [507.1704, 776.8666], [508.777, 778.3157], [512.9631, 781.0186], [516.2534, 784.6198], [520.1926, 788.4854], [524.8, 791.68], [522.6861, 795.4826], [522.0826, 799.4922], [519.6235, 800.2999], [517.8447, 801.5273], [515.2697, 801.2231], [513.7102, 799.288], [511.6145, 801.3661], [512.6596, 805.7377], [512.1301, 808.9107], [510.0619, 810.895], [505.0918, 811.2774], [500.8004, 808.8799], [497.8547, 810.0194], [495.972, 808.4314], [492.579, 805.1978], [488.7933, 802.4686], [486.2477, 798.6915], [483.9985, 794.9634], [483.4356, 790.9499], [479.0398, 790.6032], [476.9736, 789.9187], [476.0823, 787.5173], [472.987, 785.3904], [469.5019, 784.2036], [466.5902, 783.1685], [463.9883, 783.4235], [462.9919, 779.9719], [462.4034, 776.4651], [460.1005, 773.1767], [461.8925, 769.4296], [464.2941, 766.4899], [466.8133, 763.5871], [470.3083, 766.1783], [474.0694, 767.7306], [475.5523, 765.0509], [477.8787, 765.3665], [479.1537, 763.9748], [479.6834, 761.4561], [481.1123, 758.0497], [484.0656, 758.2715], [485.5634, 755.104], [487.5769, 752.32], [489.9194, 751.4224], [492.5725, 750.8295], [495.851, 750.6088], [498.56, 751.04], [498.56, 751.04]]]}}, {"type": "Feature", "id": "mun_10626", "properties": {"id": "10626", "name": "Ljubuški", "layer": "municipality", "center_svg": [372, 712], "population_1991": {"total": 28340, "bosniaks": 1592, "croats": 26127, "serbs": 65, "others": 556}}, "geometry": {"type": "Polygon", "coordinates": [[[356.1607, 681.2794], [352.7542, 686.861], [346.8388, 688.4817], [340.7996, 687.8042], [336.498, 690.7848], [338.2732, 696.5437], [343.8588, 699.0407], [350.5769, 700.534], [354.753, 705.6701], [355.9416, 711.8838], [356.481, 718.0802], [361.9721, 720.029], [367.0617, 723.7668], [372.5082, 726.9695], [378.0543, 729.9832], [383.7402, 733.4764], [389.4384, 736.9578], [393.4842, 739.6033], [395.3152, 737.5944], [395.74, 733.7087], [398.3747, 729.4734], [398.8225, 727.7603], [398.4906, 726.0151], [397.7844, 723.6216], [396.481, 721.4215], [398.4409, 717.5211], [401.1263, 717.9218], [400.2861, 714.1679], [397.25, 709.6244], [394.5972, 709.3218], [393.624, 707.2909], [388.0246, 704.5862], [383.1079, 700.5489], [384.0859, 698.1522], [386.5123, 698.0605], [384.8392, 692.7787], [379.3738, 690.7578], [376.3695, 689.2193], [375.5735, 686.3609], [372.4684, 683.9126], [370.7145, 684.9163], [368.6576, 686.4809], [367.2006, 688.8812], [361.9332, 685.985], [357.7355, 682.1222], [357.1423, 681.37], [356.1607, 681.2794], [399.6802, 728.6407], [400.7865, 729.1042], [399.6802, 728.6407], [356.1607, 681.2794]]]}}, {"type": "Feature", "id": "mun_10634", "properties": {"id": "10634", "name": "Maglaj", "layer": "municipality", "center_svg": [495, 345], "population_1991": {"total": 34115, "bosniaks": 18988, "croats": 3596, "serbs": 9522, "others": 2009}}, "geometry": {"type": "Polygon", "coordinates": [[[486.4, 322.56], [487.7074, 324.4563], [488.4113, 326.5931], [488.6692, 329.3541], [486.2589, 331.1522], [487.7331, 334.89], [488.1176, 338.6755], [491.3192, 338.1321], [493.8801, 335.5599], [497.1845, 334.9556], [500.4765, 334.3345], [503.7232, 333.0868], [507.1748, 332.5093], [510.8242, 332.0615], [513.3597, 333.6876], [514.9423, 335.8278], [517.6992, 335.98], [520.8471, 337.5672], [523.6655, 339.653], [525.0516, 340.9364], [526.6501, 342.8604], [525.9052, 345.2933], [525.9915, 347.5664], [527.1885, 349.758], [527.5926, 352.2469], [524.7894, 352.9056], [523.2582, 355.0922], [520.1311, 355.8328], [517.6563, 356.742], [517.2494, 359.4489], [514.7747, 361.0196], [511.9777, 360.0035], [509.3404, 360.9657], [506.5052, 360.651], [504.3769, 359.0572], [503.6228, 357.0621], [502.9982, 354.707], [501.1471, 355.4196], [501.502, 357.3478], [499.8748, 358.4495], [498.4886, 359.7893], [495.869, 360.692], [493.76, 360.3002], [494.1509, 358.3674], [491.7572, 357.8584], [492.775, 355.0117], [490.8152, 355.1349], [488.6708, 354.3253], [487.5107, 355.897], [487.1603, 357.1771], [485.9098, 358.4546], [484.4092, 358.9046], [485.0252, 357.0756], [484.6425, 354.9793], [483.2966, 353.8517], [482.3589, 354.8207], [480.7216, 355.7146], [477.8952, 356.6468], [475.9755, 358.1955], [475.1351, 359.2671], [473.7502, 359.9678], [471.2904, 357.6418], [468.8, 357.44], [466.1711, 360.1086], [464.4016, 363.3107], [462.0723, 365.4084], [463.0915, 367.9376], [459.983, 369.5612], [458.49, 367.8579], [460.3539, 364.633], [461.7309, 361.1464], [463.0273, 357.0246], [462.8881, 352.6561], [462.1998, 349.3642], [461.1507, 346.1844], [460.2694, 342.9282], [461.0972, 341.3172], [463.2097, 343.6748], [466.0045, 342.5651], [468.5558, 344.4762], [472.5221, 344.5155], [475.2914, 344.2967], [477.4507, 342.7121], [477.2363, 339.5102], [477.0272, 336.3263], [478.3254, 334.8163], [479.3992, 332.8985], [479.4124, 330.1941], [480.5348, 327.9141], [482.0238, 324.9814], [484.5141, 322.8427], [486.0789, 321.8347], [486.4, 322.56], [486.4, 322.56]]]}}, {"type": "Feature", "id": "mun_20346", "properties": {"id": "20346", "name": "Milići", "layer": "municipality", "center_svg": [684, 453], "population_1991": {"total": 15719, "bosniaks": 7433, "croats": 7, "serbs": 7983, "others": 296}}, "geometry": {"type": "Polygon", "coordinates": [[[676.48, 412.48], [680.0045, 414.5511], [683.1403, 417.2149], [685.1735, 419.1374], [684.16, 422.72], [685.5735, 426.247], [683.6386, 428.4329], [684.3564, 430.4861], [684.4205, 432.534], [688.2464, 435.1086], [691.5917, 438.2536], [693.9698, 439.6638], [695.8902, 441.7871], [698.5978, 444.8514], [700.662, 448.251], [701.2937, 452.2416], [701.691, 456.1821], [701.8224, 458.977], [699.1461, 459.0244], [695.1619, 458.944], [692.5507, 460.9078], [695.2175, 462.9675], [695.5015, 465.4394], [697.6201, 469.1127], [702.2221, 470.047], [704.8807, 471.6611], [703.3202, 474.5959], [702.7394, 478.4275], [701.1138, 482.1708], [700.37, 483.3683], [699.206, 485.1948], [696.8744, 488.6052], [692.9821, 489.6526], [691.999, 488.1605], [690.6839, 487.5503], [687.655, 483.673], [685.76, 479.04], [684.2328, 477.5541], [681.8116, 475.9263], [678.6218, 473.2435], [674.8967, 471.7515], [671.9688, 471.3872], [672.5844, 469.6694], [671.9339, 467.6621], [668.7118, 465.7991], [667.0592, 462.1201], [667.8975, 457.6042], [666.7099, 456.4181], [663.5611, 455.7145], [660.471, 454.1294], [660.9338, 451.6299], [662.3842, 447.5132], [663.9175, 443.9592], [667.8511, 445.8395], [670.961, 445.1783], [670.6902, 440.1738], [672.32, 435.2787], [670.5571, 433.6889], [669.76, 431.1729], [669.9354, 429.1944], [670.61, 427.0567], [674.26, 425.9929], [673.5618, 421.7189], [672.2903, 419.1551], [671.244, 416.4521], [671.51, 413.6747], [673.8901, 411.0386], [675.1367, 408.6899], [676.392, 409.6132], [677.1438, 410.9579], [675.8096, 411.907], [676.48, 412.48], [676.48, 412.48]]]}}, {"type": "Feature", "id": "mun_20354", "properties": {"id": "20354", "name": "Modriča", "layer": "municipality", "center_svg": [523, 240], "population_1991": {"total": 33567, "bosniaks": 7632, "croats": 8132, "serbs": 14888, "others": 2915}}, "geometry": {"type": "Polygon", "coordinates": [[[547.52, 221.44], [547.2486, 224.4274], [549.0658, 225.9286], [552.4711, 226.9118], [555.2, 228.1686], [555.2375, 229.865], [554.8651, 230.841], [551.6305, 231.1979], [549.0522, 232.7084], [549.0456, 235.9003], [550.4, 238.5645], [552.1628, 239.6479], [553.5929, 238.9715], [552.8448, 240.9143], [549.76, 240.32], [549.8845, 242.6948], [548.7373, 242.6628], [546.3206, 243.6611], [547.1936, 246.0081], [545.3647, 249.1226], [543.3496, 252.1023], [540.4485, 253.6909], [538.56, 256.64], [537.29, 259.2323], [534.2302, 260.4582], [533.089, 263.7629], [532.8627, 267.3032], [534.0195, 268.8835], [532.8373, 269.5714], [530.1347, 270.1981], [527.0864, 268.8894], [524.6309, 269.6193], [521.9737, 269.3389], [519.0308, 267.8198], [516.3866, 265.7144], [514.4759, 264.1101], [512.6139, 263.2998], [509.2503, 263.1292], [506.0754, 263.04], [503.0405, 261.4957], [500.3247, 259.2401], [497.0054, 256.8195], [494.2739, 253.9002], [492.8381, 251.462], [493.1458, 247.7867], [492.298, 245.3038], [493.8396, 243.6442], [495.8264, 240.9728], [495.7476, 237.0627], [494.9059, 233.8177], [495.8495, 230.8968], [495.058, 228.4105], [493.76, 225.6], [494.7536, 222.9737], [498.3971, 222.2094], [501.4785, 223.2183], [504.7567, 223.2289], [506.8526, 223.4286], [507.3306, 224.8584], [510.783, 226.1086], [514.0671, 227.5936], [517.2425, 228.7904], [520.3294, 230.1759], [523.1486, 231.006], [526.5491, 230.5668], [529.518, 231.391], [531.5337, 229.7277], [532.4884, 228.3477], [533.9375, 227.0202], [535.8533, 225.5733], [537.5162, 223.7554], [538.8423, 222.4113], [540.5793, 221.586], [541.6791, 220.1245], [542.843, 220.5228], [544.6407, 221.1811], [544.8636, 219.3791], [547.3179, 218.8032], [547.52, 221.44], [547.52, 221.44]]]}}, {"type": "Feature", "id": "mun_20362", "properties": {"id": "20362", "name": "Mrkonjić Grad", "layer": "municipality", "center_svg": [294, 384], "population_1991": {"total": 26278, "bosniaks": 2311, "croats": 1992, "serbs": 21056, "others": 919}}, "geometry": {"type": "Polygon", "coordinates": [[[298.24, 336.32], [300.8704, 339.1722], [302.8088, 343.3924], [304.3513, 348.7428], [304.5074, 353.7348], [305.8923, 355.8599], [304.96, 357.7167], [305.1096, 359.9832], [306.7905, 359.901], [309.0617, 359.6197], [309.76, 361.28], [316.6087, 358.4012], [322.5343, 356.4791], [322.7462, 360.0814], [321.9925, 363.695], [320.1647, 367.5322], [319.8691, 371.2284], [315.6905, 374.669], [315.0863, 380.1938], [310.4936, 384.2338], [309.8376, 389.7667], [306.9497, 392.1841], [305.1461, 395.1944], [300.4913, 393.8695], [298.2666, 398.0264], [294.8268, 398.9064], [290.9502, 399.3927], [287.4636, 396.1341], [283.7369, 395.9574], [281.5412, 401.1099], [279.6928, 406.5558], [282.186, 408.7759], [281.1033, 410.5488], [277.9272, 414.224], [276.7553, 418.4006], [271.483, 424.6429], [266.3961, 430.6976], [267.9944, 435.761], [267.5866, 440.0665], [261.6925, 438.4464], [255.6729, 436.655], [253.8133, 435.0578], [251.9636, 433.2969], [253.1098, 430.6377], [250.9977, 429.9587], [244.9874, 427.1305], [239.7472, 423.5047], [234.4395, 420.4325], [235.2507, 416.2839], [239.4188, 410.5329], [243.0551, 404.8582], [243.6164, 399.1139], [246.0062, 393.8589], [245.1613, 391.3173], [246.5186, 391.0411], [252.4954, 392.9804], [257.2188, 388.9384], [257.5525, 382.5178], [256.8658, 376.7439], [254.9772, 370.0366], [253.4009, 363.8619], [255.9447, 365.8476], [257.6993, 362.8118], [262.2211, 360.6361], [266.3134, 362.6247], [269.3909, 365.2517], [271.1745, 364.1244], [267.074, 358.398], [266.4868, 351.8348], [266.2061, 347.7832], [267.7712, 348.5347], [272.2659, 352.9337], [278.285, 354.095], [281.9361, 353.1442], [284.9413, 349.0934], [287.7576, 346.8578], [289.5179, 344.0565], [292.7258, 342.2477], [293.769, 339.4449], [296.274, 338.3131], [298.24, 336.32], [298.24, 336.32]]]}}, {"type": "Feature", "id": "mun_10685", "properties": {"id": "10685", "name": "Neum", "layer": "municipality", "center_svg": [430, 775], "population_1991": {"total": 4325, "bosniaks": 190, "croats": 3792, "serbs": 207, "others": 136}}, "geometry": {"type": "Polygon", "coordinates": [[[411.84, 759.68], [414.3403, 762.2079], [417.4098, 763.4783], [420.8978, 763.4521], [424.4597, 764.9774], [426.1494, 764.4841], [427.9659, 764.7712], [432.0851, 766.4694], [436.4196, 766.8859], [436.9647, 764.6001], [439.0141, 765.1509], [443.527, 767.521], [448.178, 769.529], [452.2512, 771.4308], [456.1622, 773.7125], [460.0224, 775.3101], [462.08, 777.6512], [460.3537, 779.9622], [457.5488, 779.84], [454.6215, 783.3413], [452.8, 787.52], [450.4587, 787.8896], [447.2992, 785.9688], [442.8684, 786.1972], [438.8636, 787.6081], [439.8174, 790.8329], [437.9817, 792.7149], [434.608, 791.1913], [431.2316, 789.5051], [428.9873, 792.924], [426.5244, 796.1012], [423.6979, 793.4021], [420.6591, 791.0361], [416.974, 789.4564], [413.0337, 788.856], [408.3348, 787.9715], [404.0683, 789.4343], [401.3404, 793.6487], [398.4265, 797.7343], [394.0459, 795.4827], [389.6255, 792.8649], [384.0461, 789.9756], [378.6151, 786.8607], [380.7588, 783.7568], [385.788, 783.4235], [390.2426, 782.6164], [394.6546, 781.3426], [398.036, 778.9619], [401.7856, 777.2801], [405.9086, 776.2796], [409.8902, 775.0897], [410.7591, 772.5877], [409.3166, 769.1409], [407.6763, 765.9524], [409.46, 765.0617], [411.9219, 764.0929], [411.955, 762.7494], [410.3552, 761.0876], [411.84, 759.68], [411.84, 759.68]]]}}, {"type": "Feature", "id": "mun_20389", "properties": {"id": "20389", "name": "Nevesinje", "layer": "municipality", "center_svg": [505, 700], "population_1991": {"total": 13944, "bosniaks": 2834, "croats": 210, "serbs": 10689, "others": 211}}, "geometry": {"type": "Polygon", "coordinates": [[[489.28, 637.76], [497.2704, 640.3074], [504.7041, 639.4009], [510.802, 640.0913], [512.5504, 646.5155], [513.2397, 651.7064], [508.48, 653.44], [505.0839, 657.928], [504.0961, 663.3045], [509.8264, 665.4769], [515.0467, 666.1029], [518.0164, 660.2182], [524.2779, 662.3493], [527.099, 664.5842], [528.1535, 668.1532], [529.9421, 672.595], [534.9262, 676.4238], [534.7596, 683.6809], [534.8319, 691.3659], [537.7241, 694.8521], [537.6096, 697.5897], [536.4896, 699.8952], [536.0648, 702.8567], [536.3681, 709.8363], [541.7271, 713.4778], [547.5968, 717.8406], [552.2046, 723.1636], [550.7515, 728.8468], [545.4997, 730.1212], [539.864, 731.0456], [537.3716, 736.8407], [537.5911, 740.8979], [535.4116, 744.1572], [531.877, 746.2856], [527.0136, 745.5949], [520.2761, 742.5208], [513.2239, 742.0263], [508.0194, 737.6188], [501.76, 736.32], [496.8871, 734.0451], [495.6301, 730.0254], [491.589, 724.2548], [484.6898, 721.2375], [481.5233, 719.8509], [480.7688, 716.7441], [475.3935, 716.8328], [470.3183, 717.318], [469.6307, 713.3159], [464.6446, 709.969], [463.1489, 709.3607], [466.8428, 707.52], [471.9351, 701.1407], [475.1743, 694.6034], [480.9537, 693.5711], [484.8307, 688.4836], [481.3299, 681.9454], [474.6842, 679.0788], [471.1139, 673.7296], [473.1599, 667.1221], [476.4472, 662.2371], [478.9678, 656.6308], [477.938, 649.0404], [476.8, 641.3544], [480.545, 638.0088], [487.1988, 637.7544], [488.2395, 637.7924], [489.28, 637.7604], [489.28, 637.76]]]}}, {"type": "Feature", "id": "mun_20397", "properties": {"id": "20397", "name": "Novi Grad", "layer": "municipality", "center_svg": [166, 220], "population_1991": {"total": 35434, "bosniaks": 12333, "croats": 237, "serbs": 21060, "others": 1804}}, "geometry": {"type": "Polygon", "coordinates": [[[182.08, 175.04], [184.8789, 178.3429], [188.2776, 180.16], [188.1494, 184.2741], [188.7923, 187.7925], [190.9631, 186.278], [192.086, 188.1885], [195.1326, 190.2139], [195.5879, 194.0907], [199.7959, 195.6435], [201.8916, 198.9188], [199.5541, 201.9103], [198.6367, 205.262], [196.516, 210.1091], [192.64, 213.12], [193.9264, 214.8435], [195.2255, 217.0603], [196.0772, 220.3275], [192.3659, 222.1072], [190.3479, 222.7781], [189.2853, 224.4747], [189.0366, 228.7788], [185.3812, 230.08], [180.7102, 230.4651], [178.2935, 232.944], [179.064, 234.2073], [177.3775, 236.3812], [177.2172, 238.7644], [179.4686, 241.128], [179.4127, 245.084], [175.0176, 247.2099], [172.9894, 246.2808], [170.6767, 246.4121], [169.1133, 246.5131], [167.9286, 246.9157], [163.3473, 246.2756], [159.021, 248.0774], [159.0311, 251.86], [157.222, 254.0365], [153.1735, 251.8376], [152.6522, 246.3613], [154.2248, 243.6776], [153.2702, 243.3594], [148.9133, 244.789], [144.7759, 244.7521], [143.1049, 241.6675], [141.4379, 238.0239], [138.3571, 241.3404], [135.2142, 244.8691], [133.6034, 240.9405], [132.4103, 235.8942], [129.2771, 232.3057], [128.9049, 228.4443], [131.1703, 224.3548], [136.106, 222.3644], [139.6214, 220.8865], [143.4579, 220.3557], [148.8364, 220.0724], [152.8257, 217.269], [153.0784, 211.2054], [156.5725, 206.5936], [158.4161, 201.9116], [160.0527, 196.6965], [161.2906, 194.2114], [160.0053, 192.1907], [163.5044, 187.9641], [169.1112, 185.6364], [173.2003, 182.1964], [175.9153, 177.69], [176.951, 175.1237], [179.2382, 173.7413], [180.662, 173.9157], [182.08, 175.04], [182.08, 175.04]]]}}, {"type": "Feature", "id": "mun_10871", "properties": {"id": "10871", "name": "Novi Grad Sarajevo", "layer": "municipality", "center_svg": [522, 530], "population_1991": {"total": 133797, "bosniaks": 68405, "croats": 8790, "serbs": 36000, "others": 20602}}, "geometry": {"type": "Polygon", "coordinates": [[[524.4805, 518.4004], [523.7222, 519.6913], [522.5779, 520.4779], [522.0479, 521.3692], [521.471, 522.3048], [520.7358, 522.4183], [519.9746, 522.4811], [519.068, 522.5128], [518.1612, 522.9666], [518.9237, 524.3008], [519.2381, 525.8518], [519.8859, 527.2037], [520.7606, 528.4121], [520.7791, 530.0317], [521.0487, 531.6009], [522.1553, 532.1012], [523.1451, 531.4522], [523.9951, 531.0904], [524.8254, 531.0947], [526.0273, 530.8177], [527.1878, 531.821], [528.3214, 533.2605], [529.6872, 534.3571], [529.6776, 534.8692], [529.9071, 535.4259], [530.6547, 535.5538], [531.1158, 536.1792], [532.8179, 536.6125], [534.5373, 536.9462], [535.7261, 537.6377], [535.2039, 538.479], [534.6563, 539.5525], [533.6586, 539.5905], [533.8952, 540.8724], [535.136, 541.5527], [536.0933, 542.5512], [537.4133, 543.121], [538.1567, 543.7222], [538.8038, 543.3586], [539.4095, 542.3111], [539.5903, 541.1305], [540.5873, 540.4936], [541.1835, 539.4875], [542.1599, 538.6728], [543.3515, 538.7815], [543.3274, 536.9673], [542.068, 535.9884], [541.0882, 535.3417], [541.7553, 533.9288], [542.3441, 532.5887], [543.2261, 531.348], [543.3698, 530.4923], [543.3594, 529.5997], [542.294, 529.2396], [541.2331, 528.8118], [540.8398, 528.2823], [539.5191, 527.5217], [538.104, 526.9109], [537.0555, 526.8309], [535.8588, 526.6532], [534.9228, 525.4434], [533.5323, 524.8068], [533.3763, 525.6028], [532.8106, 525.4605], [531.5673, 524.2739], [530.5605, 522.8809], [530.2747, 522.4475], [529.3306, 522.0151], [528.0263, 521.1337], [526.7876, 520.0997], [525.9752, 518.9201], [524.4805, 518.4004], [524.4805, 518.4004]]]}}, {"type": "Feature", "id": "mun_10774", "properties": {"id": "10774", "name": "Novi Travnik", "layer": "municipality", "center_svg": [398, 462], "population_1991": {"total": 30713, "bosniaks": 11625, "croats": 12162, "serbs": 4097, "others": 2829}}, "geometry": {"type": "Polygon", "coordinates": [[[412.16, 440.32], [414.8287, 441.1871], [414.7043, 443.8901], [415.4794, 447.1621], [414.5968, 450.1276], [413.1158, 452.5489], [410.56, 454.0885], [410.408, 457.9425], [411.3325, 461.6656], [412.2109, 464.7695], [411.52, 468.16], [409.7314, 470.6902], [410.7633, 473.886], [413.5513, 475.9779], [415.6451, 478.6117], [417.181, 481.2035], [420.1595, 481.8205], [423.3583, 483.628], [426.4395, 482.8797], [429.0411, 483.2181], [427.9067, 484.1695], [426.5802, 485.5435], [426.5352, 488.9144], [425.7512, 492.5184], [422.9373, 494.3805], [420.8929, 494.4092], [418.4529, 495.698], [417.5132, 497.0198], [418.24, 499.8485], [416.488, 502.5474], [413.7066, 504.0657], [412.4175, 502.0319], [410.8584, 499.4808], [408.7242, 498.6416], [406.3153, 498.1366], [404.5482, 496.9157], [404.9674, 494.8918], [403.6132, 492.7031], [403.8279, 490.4412], [401.1556, 487.9745], [397.76, 486.4], [398.5018, 483.673], [395.9677, 482.3534], [393.6102, 479.9728], [394.4732, 477.1581], [393.3228, 474.4752], [390.8142, 473.0636], [389.5782, 470.6534], [390.8526, 467.8574], [388.3134, 467.5817], [387.4837, 465.1104], [386.7935, 463.6299], [385.712, 462.7353], [384.1998, 460.617], [382.2989, 459.3756], [381.864, 456.0419], [381.1873, 452.7486], [380.2365, 450.4016], [381.0733, 448.6374], [383.9134, 447.0873], [387.1117, 447.115], [388.9102, 444.0092], [389.9923, 440.7277], [393.3475, 440.4134], [396.8865, 440.3851], [399.9672, 440.5552], [403.0018, 441.8127], [406.3435, 441.4634], [409.5986, 440.8111], [410.8318, 439.5212], [412.1601, 440.32], [412.16, 440.32]]]}}, {"type": "Feature", "id": "mun_20419", "properties": {"id": "20419", "name": "Novo Goražde", "layer": "municipality", "center_svg": [675, 589], "population_1991": {"total": 4715, "bosniaks": 3614, "croats": 4, "serbs": 1020, "others": 77}}, "geometry": {"type": "Polygon", "coordinates": [[[660.8, 568.64], [662.08, 568.64], [663.36, 568.64], [664.5749, 569.8895], [665.6898, 571.2775], [668.6934, 572.0457], [670.4728, 569.9602], [671.7491, 568.1284], [673.1982, 569.1007], [676.0288, 570.4619], [679.138, 570.978], [680.1788, 571.5183], [680.8686, 572.4678], [684.2637, 572.6812], [686.72, 575.3173], [688.2595, 576.9385], [688.6957, 578.8372], [691.0304, 579.4875], [693.025, 580.7696], [694.8085, 581.035], [696.0135, 580.8061], [697.0542, 582.5254], [695.68, 583.68], [694.1023, 585.9582], [692.3477, 587.4805], [690.0502, 585.6087], [687.5939, 585.7818], [685.7489, 585.7538], [683.7014, 586.88], [680.6367, 587.7529], [677.5991, 587.375], [677.3351, 588.7853], [677.12, 590.4], [676.3443, 591.983], [675.2, 592.64], [673.6962, 593.5744], [672.1831, 593.7601], [671.7302, 597.2009], [672.0, 600.5973], [671.8505, 602.5776], [671.4071, 604.2011], [668.5662, 603.2893], [665.92, 601.6], [663.5922, 602.1238], [663.0645, 604.7354], [663.2635, 608.2937], [661.6498, 611.3518], [658.5741, 611.6052], [655.7105, 610.0299], [651.8502, 609.7765], [648.3763, 611.5783], [646.8372, 610.9117], [645.2928, 609.9035], [644.4174, 607.595], [643.9067, 605.2415], [647.0814, 603.7307], [649.9914, 601.927], [653.0028, 600.9476], [655.9311, 600.2026], [659.325, 599.5514], [662.599, 598.4222], [665.369, 596.634], [667.6295, 594.15], [669.5997, 591.2153], [669.76, 587.5201], [668.738, 584.2464], [666.6302, 581.4446], [664.8156, 578.7668], [661.7399, 576.9402], [659.8011, 574.728], [658.1951, 572.1125], [656.7229, 569.9547], [654.4, 569.2801], [656.9931, 567.9042], [659.7154, 568.4864], [660.2426, 568.6776], [660.8, 568.64], [660.8, 568.64]]]}}, {"type": "Feature", "id": "mun_11568", "properties": {"id": "11568", "name": "Novo Sarajevo", "layer": "municipality", "center_svg": [521, 542], "population_1991": {"total": 90967, "bosniaks": 33479, "croats": 8755, "serbs": 29403, "others": 19330}}, "geometry": {"type": "Polygon", "coordinates": [[[544.9609, 528.3203], [544.3203, 529.0456], [544.3203, 529.5996], [543.3594, 529.5996], [543.3594, 530.3994], [543.3594, 531.1992], [542.8627, 531.8631], [542.3748, 532.5352], [542.0674, 533.0775], [541.7526, 533.591], [541.4606, 534.3792], [541.1191, 534.7489], [541.1191, 535.3745], [541.1191, 536.0], [541.8681, 535.9902], [542.5919, 536.0974], [543.132, 536.4009], [543.3565, 536.9232], [543.3595, 537.9019], [543.3595, 538.8808], [543.8431, 538.6401], [544.3669, 538.5605], [544.961, 538.5605], [545.6462, 538.2402], [546.2403, 538.2402], [546.7792, 537.9345], [547.3681, 537.7472], [547.9121, 537.5282], [548.4776, 537.2944], [549.0151, 537.2934], [549.4522, 537.5744], [549.8015, 536.8997], [549.9955, 536.3203], [549.4396, 536.3203], [549.159, 535.628], [548.769, 535.0318], [548.2734, 534.7647], [548.1657, 534.2662], [547.8894, 533.4666], [547.9596, 532.6812], [548.1603, 531.9163], [548.1603, 530.9181], [548.1603, 529.9199], [547.5908, 529.6109], [546.984, 529.3856], [546.6655, 528.8424], [545.9596, 529.2101], [545.3898, 528.5307], [543.3596, 538.8808], [542.6725, 538.5605], [542.0803, 538.5605], [541.7677, 538.9906], [542.6632, 539.1614], [543.1312, 538.8729], [544.9609, 528.3203]]]}}, {"type": "Feature", "id": "mun_11525", "properties": {"id": "11525", "name": "Odžak", "layer": "municipality", "center_svg": [529, 189], "population_1991": {"total": 28568, "bosniaks": 5953, "croats": 16062, "serbs": 4768, "others": 1785}}, "geometry": {"type": "Polygon", "coordinates": [[[524.48, 192.64], [527.6765, 192.2986], [529.6065, 194.4825], [531.5192, 195.9633], [534.3874, 195.5101], [537.3939, 195.0239], [540.399, 194.5366], [543.5351, 194.347], [546.6094, 193.6365], [549.4794, 193.6197], [552.032, 194.9539], [553.4913, 197.3382], [554.2876, 200.0848], [556.5439, 201.9566], [558.4911, 204.0251], [558.8046, 205.2424], [557.3085, 206.08], [555.2105, 205.2046], [555.3425, 205.7073], [554.201, 206.9775], [553.4091, 208.5906], [552.2917, 209.0499], [551.04, 209.92], [549.2841, 211.8485], [547.2126, 212.4742], [545.5752, 211.7935], [544.5268, 212.7743], [543.1034, 213.1579], [542.4, 215.04], [543.1862, 217.4049], [540.9451, 218.2263], [539.5131, 219.2113], [537.9478, 218.9935], [536.0824, 218.2256], [535.658, 219.3966], [534.8928, 222.2152], [533.6424, 224.8752], [531.5188, 225.1794], [529.28, 225.6], [528.874, 222.5363], [528.2984, 219.5011], [525.8142, 217.1507], [523.5233, 214.7639], [522.3887, 212.3242], [520.7282, 210.3121], [518.6655, 208.1611], [516.3485, 206.08], [513.4524, 205.5443], [510.8306, 204.1224], [507.9627, 203.2793], [508.6958, 201.243], [511.0318, 198.6241], [511.0811, 195.5611], [509.4201, 192.8322], [509.9505, 189.7297], [511.9959, 188.1553], [514.242, 186.866], [516.789, 185.8943], [519.3773, 185.8628], [521.9905, 186.9963], [522.88, 189.76], [522.8335, 191.7188], [524.48, 192.64], [524.48, 192.64]]]}}, {"type": "Feature", "id": "mun_10715", "properties": {"id": "10715", "name": "Olovo", "layer": "municipality", "center_svg": [590, 449], "population_1991": {"total": 16326, "bosniaks": 12175, "croats": 642, "serbs": 3087, "others": 422}}, "geometry": {"type": "Polygon", "coordinates": [[[563.2, 407.04], [568.6449, 407.9724], [572.5498, 412.0984], [574.3095, 414.8094], [573.1489, 419.8388], [572.553, 426.5634], [574.1012, 433.1229], [579.0759, 435.6584], [582.628, 439.5842], [586.1516, 442.6451], [590.7779, 443.8393], [596.4186, 443.6492], [600.2687, 445.9827], [606.1329, 449.6345], [612.7486, 447.2077], [617.8648, 445.6865], [623.04, 448.32], [627.4218, 448.196], [628.9889, 450.4351], [625.1709, 455.3055], [620.0683, 459.0071], [614.3304, 461.589], [608.4592, 463.795], [604.4725, 467.0189], [600.2667, 470.0397], [594.8602, 475.4718], [590.8931, 481.9814], [587.9471, 481.2458], [587.6174, 476.4006], [584.2179, 473.412], [581.3048, 473.4298], [579.1611, 477.2947], [576.0, 475.84], [573.7935, 471.9934], [570.88, 469.12], [567.4264, 467.7482], [566.4, 465.0964], [564.392, 462.2889], [561.5711, 460.201], [563.1731, 457.7], [567.7143, 456.1265], [570.7559, 450.8818], [568.072, 445.1763], [563.4391, 445.5883], [562.418, 443.022], [561.2481, 438.2178], [560.7082, 433.6], [557.194, 432.4079], [553.7895, 433.0548], [548.9905, 430.4947], [542.798, 433.6495], [540.0684, 434.4082], [539.84, 432.4564], [534.8024, 427.6943], [529.92, 423.04], [532.6695, 420.9912], [533.12, 417.6], [536.2008, 415.3387], [539.6897, 417.2361], [544.5729, 415.2815], [549.6054, 414.0999], [553.3106, 411.3189], [557.6574, 410.4405], [559.8993, 407.1952], [563.2, 407.04], [563.2, 407.04]]]}}, {"type": "Feature", "id": "mun_11533", "properties": {"id": "11533", "name": "Orašje", "layer": "municipality", "center_svg": [609, 217], "population_1991": {"total": 24229, "bosniaks": 1879, "croats": 19971, "serbs": 1519, "others": 860}}, "geometry": {"type": "Polygon", "coordinates": [[[589.76, 201.28], [587.4669, 202.7356], [585.8962, 204.6438], [587.4129, 206.3827], [590.1178, 206.3933], [592.9142, 206.7674], [595.4177, 207.791], [596.3879, 205.9293], [595.4505, 203.7231], [595.1618, 201.3451], [596.0642, 198.9753], [598.2102, 197.5172], [600.4178, 198.7738], [601.3473, 201.2296], [600.7921, 203.6879], [598.5055, 204.6933], [598.0456, 206.7973], [599.6635, 208.8611], [601.5435, 210.5904], [603.1479, 212.4574], [605.7234, 212.596], [607.6339, 214.0235], [608.4039, 216.404], [610.5005, 217.7354], [611.2549, 219.6638], [610.2406, 221.7821], [609.2718, 223.8234], [610.8852, 225.2388], [613.1237, 224.6207], [615.3425, 223.1371], [618.0039, 223.444], [620.4056, 223.9744], [622.5775, 224.826], [622.1322, 227.011], [620.9112, 229.0203], [620.519, 231.217], [619.0202, 232.297], [617.01, 233.4251], [614.9976, 234.0955], [613.7638, 235.4323], [612.9615, 236.7432], [610.7149, 235.8765], [608.5769, 234.7228], [606.2056, 233.4789], [603.8872, 232.2515], [601.8707, 231.2221], [599.8178, 230.2265], [597.4311, 228.7613], [594.9314, 227.4803], [592.8621, 226.3872], [590.7881, 225.2663], [586.6117, 223.6965], [582.6012, 221.76], [580.5858, 220.1863], [578.6549, 218.5061], [579.56, 217.1236], [579.3187, 215.6028], [581.4099, 215.273], [583.2802, 214.2447], [583.5858, 212.789], [583.9527, 211.2656], [585.6428, 209.9271], [585.2272, 207.8053], [585.0781, 205.2984], [584.6522, 202.762], [586.0211, 201.3046], [587.9951, 200.4384], [588.7509, 197.8413], [590.8107, 197.6472], [591.5885, 199.5786], [590.133, 201.2881], [589.76, 201.28]]]}}, {"type": "Feature", "id": "mun_20427", "properties": {"id": "20427", "name": "Osmaci", "layer": "municipality", "center_svg": [651, 388], "population_1991": {"total": 7345, "bosniaks": 3720, "croats": 5, "serbs": 3578, "others": 42}}, "geometry": {"type": "Polygon", "coordinates": [[[657.28, 375.6794], [658.4414, 376.1077], [659.0143, 377.0906], [660.7299, 378.3034], [662.4338, 379.7273], [663.4735, 380.2778], [663.8109, 381.1374], [664.0503, 382.8843], [665.4244, 383.351], [666.805, 383.6133], [668.082, 384.049], [667.9761, 385.4629], [668.7877, 386.6417], [667.9404, 387.9714], [667.6401, 389.5377], [667.6862, 390.9532], [667.7842, 392.3251], [667.4235, 394.2988], [666.077, 395.5433], [664.8078, 395.5418], [663.7926, 395.9946], [662.1173, 395.0593], [660.2704, 394.8861], [658.2505, 395.143], [656.399, 394.6084], [655.2556, 394.3974], [654.4614, 393.5675], [653.5556, 392.1869], [653.1291, 392.6884], [652.2853, 393.9787], [651.4001, 395.3002], [649.6237, 396.4118], [647.8782, 397.5459], [646.4061, 399.0026], [644.4009, 399.2724], [643.2779, 398.0157], [641.4121, 398.0793], [639.7952, 397.941], [638.3556, 396.6538], [636.6111, 396.227], [634.88, 396.6588], [635.6043, 394.8955], [634.5737, 393.5435], [634.2151, 391.7874], [633.0663, 391.4084], [631.5916, 391.3916], [629.9909, 391.3596], [631.5188, 391.0556], [633.3102, 390.7867], [633.92, 389.1196], [634.8331, 387.4467], [636.7103, 387.2081], [638.4314, 386.7889], [638.7118, 385.1107], [639.1504, 383.6051], [640.6498, 383.3616], [642.3202, 383.1367], [643.9637, 383.1439], [645.698, 383.1542], [647.4263, 383.4314], [649.3927, 383.3903], [651.1486, 383.7631], [651.7376, 382.0265], [652.9362, 380.6448], [654.3243, 378.5374], [655.4265, 376.2532], [656.2996, 374.9873], [657.28, 375.6797], [657.28, 375.6794]]]}}, {"type": "Feature", "id": "mun_20435", "properties": {"id": "20435", "name": "Oštra Luka", "layer": "municipality", "center_svg": [221, 264], "population_1991": {"total": 5545, "bosniaks": 278, "croats": 1095, "serbs": 4008, "others": 164}}, "geometry": {"type": "Polygon", "coordinates": [[[169.28, 246.72], [173.1897, 246.5235], [176.6002, 246.6691], [181.0392, 248.494], [184.6516, 252.8728], [189.9359, 252.6766], [192.9845, 248.8382], [197.3998, 250.755], [198.5385, 255.8294], [202.3714, 257.8463], [204.8769, 255.7427], [210.5454, 254.6254], [215.4779, 259.0581], [219.004, 260.6414], [218.9106, 258.4887], [222.2438, 258.4683], [226.4999, 259.52], [225.0624, 264.3951], [226.24, 268.8], [232.2097, 270.7459], [237.2535, 274.5834], [236.6475, 279.2258], [236.8769, 284.2354], [241.4921, 288.4805], [247.0691, 291.4075], [248.9873, 295.5153], [249.7474, 300.143], [247.8792, 304.5488], [251.6719, 309.284], [255.6769, 311.5146], [258.88, 315.2], [258.0092, 319.9166], [255.9455, 320.1907], [254.4588, 318.8588], [250.7895, 320.6774], [247.9191, 319.0585], [247.596, 316.2827], [244.6872, 311.2471], [239.4481, 307.5422], [236.1731, 301.1801], [236.7901, 293.7839], [235.9846, 287.1256], [233.0553, 280.8481], [231.1786, 275.5542], [226.1499, 272.3888], [219.1241, 269.6986], [211.52, 268.8], [210.0013, 272.9235], [206.2336, 270.807], [203.221, 265.9733], [202.0717, 260.5801], [196.4151, 261.5524], [190.2896, 262.2846], [184.6346, 262.1302], [179.3253, 260.5579], [171.4733, 259.0605], [163.5951, 257.4637], [159.7817, 259.5262], [156.564, 261.0854], [154.969, 256.5193], [159.2222, 253.6299], [158.7974, 249.014], [162.4423, 246.6804], [165.8865, 246.4089], [168.552, 245.9386], [168.9157, 246.3861], [169.28, 246.72]]]}}, {"type": "Feature", "id": "mun_11576", "properties": {"id": "11576", "name": "Pale (FBIH)", "layer": "municipality", "center_svg": [638, 565], "population_1991": {"total": 1972, "bosniaks": 1374, "croats": 4, "serbs": 579, "others": 15}}, "geometry": {"type": "Polygon", "coordinates": [[[647.04, 557.12], [649.1872, 556.9901], [650.56, 558.427], [650.56, 560.1735], [650.56, 561.92], [651.256, 564.0983], [651.842, 566.3292], [652.6479, 568.3746], [653.8449, 569.8543], [650.976, 569.8491], [648.1933, 569.6352], [645.7529, 569.3714], [643.8367, 570.8111], [642.5589, 570.9013], [641.1362, 569.5554], [639.1989, 569.2855], [637.004, 569.28], [634.8787, 568.675], [632.6827, 569.032], [630.5978, 569.8766], [628.43, 570.5531], [627.1599, 570.575], [625.7926, 570.468], [623.8202, 570.9052], [622.0096, 572.0348], [619.7298, 571.579], [617.484, 571.2], [616.102, 571.2], [614.72, 571.2], [613.7949, 573.5684], [612.2258, 575.6744], [610.8627, 578.2513], [611.0322, 580.9552], [610.0914, 582.8296], [608.7525, 584.4151], [607.1269, 585.8051], [605.2665, 584.8151], [604.727, 583.5366], [606.0681, 583.6266], [607.5685, 582.8299], [607.0247, 580.4751], [607.9566, 578.2028], [609.6, 576.3196], [611.0038, 575.3397], [611.1532, 573.8477], [611.0528, 571.1169], [611.3878, 568.515], [612.1955, 566.1758], [613.3312, 563.9595], [615.4086, 562.9586], [617.5814, 562.1138], [617.8215, 559.792], [618.2092, 557.4791], [619.5151, 556.5187], [622.1335, 557.1065], [625.7197, 557.0001], [629.2926, 556.8115], [631.6221, 557.1095], [633.8198, 557.9186], [636.0299, 558.5488], [638.2552, 559.05], [640.567, 558.286], [642.6767, 556.9853], [644.5633, 556.0839], [646.3357, 556.9458], [647.04, 557.1196], [647.04, 557.12]]]}}, {"type": "Feature", "id": "mun_20443", "properties": {"id": "20443", "name": "Pale (RS)", "layer": "municipality", "center_svg": [612, 548], "population_1991": {"total": 14480, "bosniaks": 3012, "croats": 125, "serbs": 10780, "others": 563}}, "geometry": {"type": "Polygon", "coordinates": [[[567.36, 541.12], [566.327, 540.4097], [566.383, 538.7776], [570.9493, 535.3474], [573.9287, 530.4886], [575.5964, 525.4316], [576.6536, 520.3064], [578.4947, 515.202], [581.4298, 511.5674], [584.9279, 512.3003], [588.7357, 509.4031], [589.613, 506.0751], [592.3823, 504.7848], [593.6807, 502.2789], [595.2, 504.0], [596.4732, 508.8477], [597.3809, 513.7498], [597.8456, 516.1559], [596.48, 518.0801], [595.8402, 520.9244], [597.178, 523.5431], [598.6112, 526.7098], [603.3804, 527.8158], [608.6446, 530.3447], [613.5059, 533.0171], [616.1781, 535.3341], [618.24, 538.469], [623.3872, 540.8791], [629.1633, 540.8092], [631.1652, 544.3284], [630.0358, 548.4145], [633.1664, 551.5766], [636.9701, 552.4253], [639.542, 556.4335], [638.3554, 559.0784], [633.3072, 557.6569], [628.1739, 556.7877], [623.1224, 557.1115], [618.4472, 556.4213], [617.5705, 561.1564], [613.8787, 563.434], [611.439, 568.1907], [611.1533, 573.6171], [608.874, 577.314], [607.1634, 581.6344], [605.7951, 583.4148], [601.7593, 582.0836], [595.3801, 580.9051], [589.8439, 578.5629], [585.5101, 575.8676], [581.3458, 572.777], [579.78, 567.6566], [575.8115, 564.2752], [570.4142, 562.6565], [564.936, 563.9115], [562.2835, 560.0767], [561.7111, 555.0757], [561.0459, 550.694], [563.5587, 547.334], [564.8026, 543.0748], [567.36, 541.12], [567.36, 541.12]]]}}, {"type": "Feature", "id": "mun_20451", "properties": {"id": "20451", "name": "Pelagićevo", "layer": "municipality", "center_svg": [574, 253], "population_1991": {"total": 10395, "bosniaks": 43, "croats": 5523, "serbs": 4177, "others": 652}}, "geometry": {"type": "Polygon", "coordinates": [[[569.9199, 232.6406], [568.9498, 233.6376], [567.5741, 234.0797], [566.154, 233.6975], [566.7207, 234.8809], [567.5087, 236.1295], [568.8832, 236.4723], [567.9754, 238.8621], [565.7743, 240.3319], [563.2934, 241.0865], [561.1693, 242.6853], [559.4599, 243.5379], [559.7641, 242.4762], [559.1405, 241.31], [557.8172, 242.2465], [556.7942, 242.4402], [557.7673, 243.1797], [559.6565, 244.8679], [561.1165, 247.0721], [562.6721, 248.9375], [564.5335, 250.5906], [566.4173, 251.9069], [567.7924, 253.8117], [569.5933, 256.2108], [570.5606, 258.9186], [571.028, 261.6089], [571.9706, 264.1077], [573.0553, 266.2682], [573.23, 268.742], [575.4951, 269.6536], [578.1023, 269.3898], [580.2938, 267.7653], [582.6601, 266.834], [585.1257, 264.8865], [586.8883, 262.5092], [587.449, 260.3644], [588.1602, 258.3219], [589.367, 256.2679], [590.7162, 254.3466], [591.011, 252.1604], [593.1237, 251.0098], [593.0756, 249.5286], [594.0648, 248.4538], [595.5858, 247.2108], [595.738, 245.6872], [594.1272, 245.353], [592.6628, 244.8403], [591.0945, 243.8574], [590.2461, 242.1466], [588.7166, 240.5546], [588.6407, 238.4005], [587.3737, 237.2911], [585.6676, 238.4516], [585.2329, 239.1879], [584.5959, 239.7044], [582.9835, 241.3487], [580.9223, 242.0833], [578.4805, 242.3166], [577.1206, 240.957], [577.1874, 239.5586], [576.1593, 239.2039], [574.2471, 237.973], [572.616, 236.5827], [572.5869, 234.589], [571.5133, 233.8785], [570.6334, 233.2616], [569.92, 232.6406], [549.4395, 240.3203], [549.9437, 242.7047], [551.7581, 243.7155], [554.3655, 243.0317], [554.7027, 241.1113], [552.7525, 240.9965], [550.9443, 240.299], [550.1913, 240.325], [549.4395, 240.3204], [569.9199, 232.6406]]]}}, {"type": "Feature", "id": "mun_20460", "properties": {"id": "20460", "name": "Petrovac", "layer": "municipality", "center_svg": [183, 358], "population_1991": {"total": 389, "bosniaks": 0, "croats": 0, "serbs": 388, "others": 1}}, "geometry": {"type": "Polygon", "coordinates": [[[189.12, 349.76], [191.7644, 349.9816], [194.4424, 350.0603], [197.5564, 350.4084], [200.7347, 350.4297], [203.1801, 350.9232], [205.6377, 351.3619], [207.5886, 352.1044], [208.0225, 354.4294], [208.851, 356.5219], [209.28, 358.72], [208.2009, 361.0152], [206.6087, 362.9909], [204.9296, 364.7424], [203.8098, 366.6891], [202.0246, 367.1177], [200.3203, 367.4368], [198.3989, 368.9392], [195.6597, 369.2861], [194.158, 369.125], [193.2807, 370.1855], [191.7521, 372.5068], [190.3556, 375.0483], [188.8351, 377.5442], [186.5965, 379.381], [184.8654, 380.2124], [183.3408, 379.2285], [181.4702, 377.8577], [179.8671, 376.266], [177.8869, 375.1021], [176.0778, 373.5716], [173.8767, 371.8015], [171.6715, 370.0741], [170.0538, 368.4154], [168.1775, 367.0148], [167.2148, 364.4216], [166.8738, 361.5331], [166.5394, 358.9756], [165.9191, 356.4545], [165.1158, 354.8946], [166.1857, 354.2688], [169.0633, 353.1611], [171.8156, 351.6862], [174.3641, 350.5067], [177.1125, 350.07], [179.5451, 350.0723], [181.8938, 350.095], [184.839, 349.679], [187.7773, 349.767], [188.4423, 349.5422], [189.12, 349.76]]]}}, {"type": "Feature", "id": "mun_20478", "properties": {"id": "20478", "name": "Petrovo", "layer": "municipality", "center_svg": [535, 329], "population_1991": {"total": 9150, "bosniaks": 82, "croats": 48, "serbs": 8613, "others": 407}}, "geometry": {"type": "Polygon", "coordinates": [[[524.16, 309.76], [525.7734, 310.4071], [526.7919, 311.7216], [527.8991, 311.3835], [529.1833, 310.9965], [529.5153, 309.8838], [530.2525, 310.5088], [530.4641, 311.703], [531.4605, 312.1536], [532.8674, 312.5724], [534.0352, 314.1011], [533.4388, 315.1225], [533.4478, 316.9056], [534.5091, 318.6771], [535.9759, 318.7723], [536.4419, 319.8993], [537.3246, 319.7691], [537.8006, 320.8176], [537.963, 321.6166], [539.576, 321.3985], [540.7343, 322.3004], [542.6422, 321.4622], [544.4209, 321.3957], [545.6743, 323.3657], [546.56, 325.44], [545.7577, 327.3111], [545.7911, 329.2989], [546.7666, 328.4721], [548.0013, 328.378], [548.8666, 329.0304], [549.5015, 328.2129], [550.7939, 328.7973], [551.5738, 330.1103], [550.9086, 331.5865], [549.8778, 332.6253], [550.3604, 333.8106], [549.4542, 335.4271], [547.8734, 336.5211], [545.9672, 336.9556], [543.8705, 337.1388], [541.9769, 337.9113], [540.3218, 338.49], [538.7692, 338.8793], [536.7336, 339.0002], [534.6272, 339.1761], [532.8102, 338.6446], [530.9462, 338.1017], [528.946, 337.9521], [527.0927, 338.6936], [525.28, 339.3352], [524.8239, 337.9749], [524.7952, 336.0222], [524.2019, 334.0084], [523.6231, 332.9566], [522.9388, 331.9304], [521.7276, 330.411], [521.9294, 328.3449], [520.4155, 326.6398], [518.4545, 325.3737], [517.1282, 325.2066], [515.6235, 325.219], [516.6057, 323.4611], [516.1599, 321.6], [516.646, 319.4491], [515.788, 317.3524], [515.6425, 315.5494], [517.2214, 315.2747], [517.7927, 314.1432], [518.6759, 312.672], [518.7418, 310.4327], [518.7299, 308.2815], [519.9549, 306.2284], [521.7655, 305.8253], [522.6421, 307.4063], [524.0969, 308.4335], [524.1744, 309.134], [524.16, 309.76], [524.16, 309.76]]]}}, {"type": "Feature", "id": "mun_10731", "properties": {"id": "10731", "name": "Posušje", "layer": "municipality", "center_svg": [339, 624], "population_1991": {"total": 17134, "bosniaks": 6, "croats": 16963, "serbs": 9, "others": 156}}, "geometry": {"type": "Polygon", "coordinates": [[[380.48, 588.48], [384.9787, 592.7056], [385.92, 598.08], [383.955, 603.127], [386.7823, 606.8174], [387.5826, 610.0551], [383.1368, 612.208], [378.009, 612.0365], [375.2974, 615.4035], [370.6409, 616.1709], [370.2422, 618.5658], [374.4976, 621.7189], [378.3256, 625.5684], [377.8906, 628.405], [376.8405, 631.8307], [375.6903, 635.6212], [372.9499, 635.5458], [367.8794, 634.4816], [363.6677, 637.6123], [359.9519, 637.3712], [357.6019, 638.4439], [358.7291, 641.6899], [359.7522, 645.255], [359.4952, 648.209], [356.8843, 649.3261], [353.2647, 652.5649], [352.0534, 656.8792], [347.3382, 655.8313], [342.6349, 656.6044], [341.9287, 652.9805], [338.3033, 652.6413], [335.8371, 648.8622], [332.9169, 648.7973], [329.1551, 645.7577], [327.9599, 641.6749], [324.8436, 636.4993], [319.7537, 633.0821], [313.8988, 630.8269], [307.7022, 631.3625], [302.5899, 631.7723], [298.5648, 628.4239], [294.8035, 624.7702], [290.3981, 621.6461], [288.3833, 616.9885], [291.6792, 613.0924], [297.2717, 614.7218], [303.313, 614.2046], [308.534, 614.36], [313.9403, 614.3532], [319.2388, 614.0319], [321.9644, 615.9883], [323.7519, 617.8444], [326.0697, 616.5593], [330.3193, 617.0244], [335.3769, 616.9916], [339.3358, 614.0359], [341.76, 608.96], [346.6253, 607.6669], [350.6981, 603.8506], [354.1747, 603.692], [356.3017, 606.7543], [361.065, 607.8706], [364.918, 606.3676], [367.747, 602.3037], [371.0765, 598.5637], [373.9371, 593.6213], [377.316, 589.0576], [378.8617, 588.5839], [380.48, 588.48], [380.48, 588.48]]]}}, {"type": "Feature", "id": "mun_20486", "properties": {"id": "20486", "name": "Prijedor", "layer": "municipality", "center_svg": [230, 238], "population_1991": {"total": 112543, "bosniaks": 49351, "croats": 6316, "serbs": 47581, "others": 9295}}, "geometry": {"type": "Polygon", "coordinates": [[[227.84, 197.12], [230.993, 202.7683], [236.6893, 206.8863], [244.3307, 206.774], [252.16, 207.68], [256.2873, 207.584], [258.7138, 209.7198], [257.3369, 211.7754], [259.8568, 211.2247], [260.7271, 213.0963], [262.08, 215.04], [263.7081, 216.8652], [266.3639, 215.8477], [269.829, 217.3351], [272.0, 219.84], [276.2603, 220.3467], [277.5417, 222.8537], [277.8504, 225.4498], [279.3073, 227.1919], [280.4473, 231.4092], [277.905, 234.7032], [274.1444, 241.0334], [269.4454, 246.9342], [266.5252, 250.2322], [267.5625, 254.3792], [265.9013, 258.0557], [262.4914, 259.5428], [262.5828, 263.383], [262.9363, 267.2314], [264.4819, 271.0431], [265.5436, 274.8898], [263.2144, 275.245], [259.2863, 273.4802], [255.3875, 273.534], [252.3051, 272.6426], [250.6952, 271.8424], [248.3058, 271.477], [240.4645, 273.5346], [233.28, 271.04], [227.4483, 269.5497], [224.361, 265.305], [226.8392, 261.5135], [224.2672, 259.3166], [220.2018, 257.9546], [220.16, 260.1042], [216.3083, 259.6504], [213.1603, 255.8514], [207.488, 254.1855], [203.84, 257.92], [201.1, 257.2288], [198.4603, 255.4559], [197.1966, 250.5053], [192.5347, 249.1312], [187.5092, 253.3188], [182.08, 249.3358], [179.0378, 247.022], [179.9152, 244.795], [178.2204, 239.6712], [178.1516, 235.1621], [179.3422, 233.5296], [177.8668, 232.3184], [183.8894, 230.3473], [189.12, 228.16], [189.3493, 224.2217], [191.7308, 222.7935], [195.7686, 220.4484], [195.1686, 217.0054], [193.1255, 214.0176], [194.9789, 212.3645], [197.756, 207.0051], [199.8383, 201.63], [203.1626, 199.1392], [206.3554, 201.7729], [208.809, 200.0018], [211.3815, 199.6874], [213.7497, 200.9119], [216.166, 201.8722], [218.1876, 201.551], [218.9984, 200.5309], [221.8178, 198.7197], [225.0507, 197.5201], [226.6093, 196.3012], [227.84, 197.12], [227.84, 197.12]]]}}, {"type": "Feature", "id": "mun_20494", "properties": {"id": "20494", "name": "Prnjavor", "layer": "municipality", "center_svg": [394, 260], "population_1991": {"total": 47055, "bosniaks": 7143, "croats": 1721, "serbs": 33508, "others": 4683}}, "geometry": {"type": "Polygon", "coordinates": [[[427.2, 216.64], [426.06, 220.6792], [424.9068, 224.8832], [425.613, 227.7091], [426.4262, 230.4107], [428.0017, 232.1795], [429.2138, 235.6891], [427.6197, 237.0781], [426.4616, 238.7322], [425.4951, 241.7272], [426.2071, 245.2866], [426.4745, 246.5054], [427.1794, 248.268], [427.6167, 250.4016], [429.277, 252.643], [429.0971, 253.8224], [430.0907, 256.2985], [430.5231, 257.5314], [431.1694, 258.9726], [430.3498, 261.5435], [431.36, 262.9505], [430.2763, 265.3885], [428.48, 266.88], [427.0478, 268.5506], [426.07, 270.3873], [421.7355, 272.7639], [419.4362, 276.7602], [419.0707, 279.7187], [420.3662, 282.6523], [421.1637, 286.3842], [420.729, 290.1948], [417.0516, 294.1595], [414.5743, 298.8225], [412.5337, 302.0829], [409.1632, 302.3814], [405.3194, 303.0012], [401.92, 304.96], [397.0114, 304.196], [393.92, 300.16], [393.5535, 296.7347], [395.3754, 292.882], [392.5019, 291.0797], [388.1155, 290.2758], [386.0116, 287.7858], [384.2004, 284.58], [384.1604, 279.0921], [380.8, 275.52], [377.8659, 275.3018], [377.117, 277.923], [374.7102, 279.3596], [372.3803, 278.3199], [371.1617, 281.7999], [368.6832, 280.1633], [365.6075, 278.2958], [363.5094, 274.9997], [365.1473, 271.8919], [367.6731, 269.9964], [363.9936, 267.4228], [359.6842, 266.6556], [358.7162, 262.0979], [360.5678, 258.7676], [363.6214, 255.7126], [363.9801, 252.057], [362.6742, 247.3538], [365.2077, 244.6834], [367.7889, 244.1995], [370.4446, 243.8736], [370.7337, 241.9311], [369.4238, 238.6556], [368.1555, 237.4076], [370.6089, 237.9197], [374.2587, 238.8961], [375.3134, 235.9007], [377.5321, 235.4821], [380.6708, 238.0822], [380.9033, 240.4344], [380.3275, 241.9023], [383.6412, 241.0308], [385.5701, 238.6068], [386.6371, 240.3002], [388.2738, 239.7821], [390.3393, 237.8407], [392.1268, 235.2212], [390.1117, 232.7669], [392.6407, 231.2999], [395.8563, 229.2061], [397.2609, 225.796], [400.003, 224.7609], [402.1017, 223.5635], [405.232, 223.0348], [408.564, 222.7131], [410.2078, 225.9033], [412.9531, 224.793], [414.805, 220.6302], [417.9308, 218.3262], [422.4635, 217.7001], [427.2, 216.64], [427.2, 216.64]]]}}, {"type": "Feature", "id": "mun_10766", "properties": {"id": "10766", "name": "Prozor", "layer": "municipality", "center_svg": [383, 551], "population_1991": {"total": 19760, "bosniaks": 7225, "croats": 12259, "serbs": 45, "others": 231}}, "geometry": {"type": "Polygon", "coordinates": [[[361.6, 527.36], [366.4462, 528.2825], [371.3116, 528.6818], [375.6585, 529.7033], [379.259, 528.5663], [384.3348, 530.9191], [389.5029, 529.9087], [393.0099, 531.6369], [396.5829, 531.9429], [399.8416, 535.1693], [404.0183, 537.3166], [407.5193, 540.1142], [410.9447, 537.7065], [414.0772, 537.4108], [415.5358, 535.7334], [418.8552, 532.4736], [423.7063, 531.2681], [427.2491, 531.7225], [427.1406, 535.6413], [425.8494, 540.5233], [423.5349, 544.8943], [421.5642, 549.1837], [419.1269, 552.9807], [415.2023, 552.9517], [411.9075, 553.3986], [413.1143, 556.165], [414.1553, 558.6324], [418.6939, 557.2425], [422.0219, 559.7984], [422.0194, 562.9923], [423.0871, 566.0701], [423.3788, 570.2429], [420.3319, 572.7199], [419.0513, 575.1599], [417.3861, 577.4001], [416.0023, 576.4676], [415.6071, 573.4132], [411.3114, 573.2917], [406.7526, 575.373], [401.6541, 573.7477], [396.6344, 572.2191], [393.7796, 571.1624], [392.4099, 568.8065], [391.5428, 566.145], [389.4271, 566.5445], [385.2166, 567.9501], [380.7767, 568.8938], [377.9752, 572.3446], [376.0526, 576.6749], [373.0922, 580.2799], [369.4949, 581.7064], [367.3125, 577.5736], [365.9413, 573.2942], [362.9941, 570.3651], [361.6945, 566.7433], [359.5872, 562.9852], [357.1268, 560.117], [353.5193, 559.1178], [349.7479, 559.0029], [346.3022, 558.6024], [346.0193, 556.7676], [348.7043, 554.4934], [347.939, 551.5624], [347.5134, 546.9881], [346.9587, 542.4357], [348.0287, 537.6381], [351.7889, 534.5478], [354.6114, 531.671], [357.6987, 528.5611], [359.6798, 527.6277], [361.6, 527.36], [361.6, 527.36]]]}}, {"type": "Feature", "id": "mun_11304", "properties": {"id": "11304", "name": "Ravno", "layer": "municipality", "center_svg": [460, 816], "population_1991": {"total": 1795, "bosniaks": 21, "croats": 804, "serbs": 937, "others": 33}}, "geometry": {"type": "Polygon", "coordinates": [[[463.04, 780.16], [465.3269, 787.4361], [467.5591, 794.6842], [466.96, 800.8099], [468.7265, 806.573], [473.038, 811.7655], [476.8355, 817.2406], [480.4233, 822.195], [485.538, 825.8675], [490.4877, 830.9994], [496.5418, 834.7012], [501.6675, 838.9659], [506.8123, 843.7048], [510.3199, 848.9617], [514.2373, 854.0208], [519.5462, 859.8439], [524.2854, 866.238], [528.0162, 869.9421], [533.5381, 870.4], [531.6384, 871.2511], [527.3808, 871.0317], [521.386, 873.7766], [517.4844, 871.36], [511.668, 866.4782], [506.9877, 860.5126], [502.4192, 859.8195], [499.6598, 858.0664], [495.8891, 853.4103], [489.6862, 851.7249], [490.2582, 845.5714], [485.0909, 842.442], [480.1536, 837.3201], [473.8428, 834.4139], [469.5723, 831.8338], [467.5838, 827.2323], [460.8252, 823.4743], [453.7069, 819.8486], [447.8568, 818.2764], [448.6977, 813.3964], [446.3292, 811.3488], [443.6451, 808.7651], [440.6627, 802.9389], [440.3182, 796.8419], [438.274, 793.6817], [439.9682, 791.6265], [439.1819, 788.186], [441.211, 787.0769], [447.0817, 786.0752], [452.558, 788.42], [455.2051, 782.3158], [460.5198, 779.9783], [462.1587, 777.6903], [462.8237, 779.2131], [463.04, 780.1156], [463.04, 780.16]]]}}, {"type": "Feature", "id": "mun_20508", "properties": {"id": "20508", "name": "Ribnik", "layer": "municipality", "center_svg": [233, 369], "population_1991": {"total": 9107, "bosniaks": 39, "croats": 7, "serbs": 8989, "others": 72}}, "geometry": {"type": "Polygon", "coordinates": [[[256.32, 318.72], [257.2693, 324.3911], [262.2994, 326.1897], [265.2819, 325.2324], [268.14, 327.1451], [268.952, 328.2463], [267.8839, 331.8764], [266.4475, 337.3997], [265.2443, 343.0464], [266.3052, 349.8609], [265.9683, 356.6517], [269.4726, 361.5205], [270.1793, 366.2747], [267.0485, 362.8476], [263.2074, 360.4249], [258.8807, 361.9483], [256.5869, 365.6193], [254.0088, 364.7429], [252.8661, 365.6123], [255.789, 371.2954], [256.8209, 377.3357], [257.6786, 382.2011], [256.8911, 387.8218], [255.7243, 391.1126], [252.4057, 393.3027], [248.323, 392.1843], [244.9455, 390.834], [244.7651, 396.0363], [243.84, 401.2797], [241.2656, 408.0157], [236.9282, 413.9772], [233.7388, 418.0403], [229.6438, 417.3463], [225.8587, 412.8623], [222.525, 407.9597], [217.8547, 404.6528], [212.9329, 401.5054], [209.6292, 398.5745], [210.4204, 394.5764], [209.5546, 389.8444], [208.9305, 385.4682], [211.2523, 380.8595], [208.5266, 377.4921], [203.5057, 375.0425], [203.4475, 370.6008], [204.1791, 366.831], [206.1254, 363.6547], [208.8339, 359.5134], [208.1756, 354.6782], [210.2189, 352.0945], [216.0018, 353.2928], [222.0428, 354.8556], [227.9306, 357.0075], [232.052, 358.169], [235.0288, 356.5341], [240.4681, 357.6246], [242.7996, 353.8669], [246.2688, 350.9707], [251.7654, 350.0797], [255.3747, 346.8542], [253.017, 341.384], [252.0328, 335.2597], [252.3081, 328.9423], [248.2342, 325.3879], [246.72, 320.7144], [250.0716, 319.9922], [253.8385, 318.7295], [255.4067, 318.3995], [256.32, 318.7195], [256.32, 318.72]]]}}, {"type": "Feature", "id": "mun_20516", "properties": {"id": "20516", "name": "Rogatica", "layer": "municipality", "center_svg": [674, 535], "population_1991": {"total": 21881, "bosniaks": 13187, "croats": 19, "serbs": 8316, "others": 359}}, "geometry": {"type": "Polygon", "coordinates": [[[698.56, 497.92], [701.1085, 502.2208], [704.4629, 505.7081], [706.7553, 509.3114], [704.6516, 510.624], [699.8736, 511.2726], [700.0654, 515.2915], [703.4833, 519.7994], [705.7019, 524.7994], [707.7991, 527.0435], [707.2034, 529.3223], [708.1964, 531.7616], [706.8044, 533.6751], [707.6791, 537.8386], [705.1832, 540.5335], [702.2369, 543.022], [703.0589, 547.1553], [700.5518, 551.1203], [696.3594, 553.7191], [691.9005, 551.491], [687.5935, 550.3794], [690.5774, 556.0873], [692.9596, 562.0185], [694.1022, 566.9763], [695.2414, 571.473], [699.5785, 575.7142], [696.4233, 579.6284], [692.6718, 580.5545], [688.8013, 578.5125], [685.6369, 573.8146], [680.4576, 572.1539], [676.1349, 570.2682], [671.7987, 568.0658], [669.042, 571.6001], [665.2272, 570.519], [661.1697, 568.4647], [656.6557, 567.9554], [652.7599, 568.3545], [651.2001, 563.5977], [650.3031, 558.6111], [646.4954, 556.9297], [642.4967, 557.0832], [639.2961, 555.8792], [637.1756, 553.2625], [634.1988, 552.7478], [631.8693, 550.1078], [630.2944, 547.3645], [630.3709, 541.6587], [632.9601, 537.6], [636.8933, 537.8113], [635.8524, 534.428], [638.4976, 530.6952], [642.9378, 529.8129], [646.1419, 529.8423], [649.4081, 529.1936], [650.0292, 525.06], [653.7626, 523.8687], [659.2441, 523.8093], [663.6958, 526.8147], [664.6962, 522.4442], [667.0927, 519.1403], [667.6697, 514.0595], [668.4289, 508.8348], [668.6345, 503.1216], [670.6667, 498.2321], [669.9181, 494.0058], [672.415, 492.8979], [677.6089, 495.4199], [683.0282, 497.1307], [686.7925, 497.4276], [686.9107, 494.2402], [690.0252, 490.6356], [694.7123, 489.2871], [697.2869, 492.6024], [698.56, 497.92], [698.56, 497.92]]]}}, {"type": "Feature", "id": "mun_20524", "properties": {"id": "20524", "name": "Rudo", "layer": "municipality", "center_svg": [741, 585], "population_1991": {"total": 11571, "bosniaks": 3130, "croats": 5, "serbs": 8150, "others": 286}}, "geometry": {"type": "Polygon", "coordinates": [[[758.0801, 566.4004], [754.0576, 568.005], [749.7598, 568.3203], [747.9406, 567.8778], [745.6949, 568.6956], [746.0709, 570.9386], [744.6834, 572.1072], [742.1867, 573.2185], [740.8548, 575.1857], [741.5427, 576.7312], [741.0576, 578.3057], [738.9588, 578.6192], [737.0744, 579.3735], [732.3688, 577.8218], [727.9229, 576.0812], [725.1662, 575.4955], [722.867, 573.9324], [720.0851, 570.9028], [715.6904, 570.4598], [712.3062, 569.5856], [709.6811, 571.0236], [707.738, 570.2302], [708.203, 571.8657], [708.6125, 575.6247], [706.8775, 579.1884], [704.3295, 580.3544], [701.8726, 580.4238], [698.9718, 578.6277], [696.0, 580.6697], [696.9707, 582.6612], [695.1403, 584.005], [693.6933, 586.6834], [691.8532, 589.2171], [693.2422, 592.8122], [696.2389, 592.5795], [699.4873, 594.5876], [703.3498, 593.8323], [707.6446, 594.4165], [711.4898, 594.8163], [714.0832, 594.0214], [715.0259, 597.587], [716.9609, 599.8004], [715.6877, 603.7856], [718.0497, 601.3537], [720.2081, 602.4111], [722.4555, 603.0173], [724.3377, 602.1483], [727.5293, 604.7729], [731.7587, 604.6333], [735.2757, 602.2112], [738.6647, 599.2485], [740.1889, 600.3001], [742.0143, 601.4684], [742.7881, 603.8281], [745.3466, 604.4319], [744.6985, 607.0744], [744.7452, 608.3017], [746.2793, 608.6952], [748.0291, 609.2794], [749.641, 607.7865], [751.6068, 607.0411], [756.1169, 606.9418], [760.6123, 608.1534], [763.9565, 607.8464], [766.9764, 605.0373], [765.8289, 603.5099], [764.4849, 601.984], [764.2542, 599.1948], [763.6105, 595.8455], [762.9542, 592.8317], [764.6921, 590.9152], [765.7261, 592.2638], [766.7845, 593.4897], [767.6933, 589.9568], [769.9516, 587.7705], [770.6128, 582.4174], [768.4116, 577.2415], [768.0242, 574.2449], [768.3203, 571.5196], [764.4186, 570.4273], [760.625, 568.0638], [759.1677, 567.4832], [758.0801, 566.4004], [749.1191, 610.2402], [747.3138, 612.7438], [745.3025, 614.3583], [747.5149, 616.0513], [749.1314, 617.7103], [751.0435, 614.8869], [750.401, 611.5432], [750.2497, 610.3814], [749.1191, 610.2402], [758.0801, 566.4004]]]}}, {"type": "Feature", "id": "mun_11541", "properties": {"id": "11541", "name": "Sanski Most", "layer": "municipality", "center_svg": [191, 294], "population_1991": {"total": 54762, "bosniaks": 27858, "croats": 3227, "serbs": 21355, "others": 2322}}, "geometry": {"type": "Polygon", "coordinates": [[[165.44, 257.92], [173.0496, 259.3162], [180.5723, 260.9478], [186.4998, 262.2692], [192.8236, 262.2164], [198.0813, 261.0231], [202.3894, 261.1754], [203.1567, 265.8877], [205.76, 270.08], [209.6037, 272.9839], [211.8318, 268.9428], [218.2222, 269.5127], [224.2138, 271.3832], [229.2353, 274.0104], [232.3194, 277.8141], [235.0706, 285.1163], [236.7933, 292.4071], [236.1381, 299.8233], [238.4, 306.56], [243.0924, 310.2429], [247.5514, 314.1338], [247.185, 317.8997], [243.8491, 318.3368], [239.3537, 318.7973], [235.5152, 320.9886], [232.7278, 317.3585], [231.586, 313.3412], [230.8119, 310.3843], [229.5561, 310.3122], [227.0531, 315.2346], [226.3439, 320.4122], [221.0216, 319.8195], [215.6105, 317.7414], [208.0182, 317.5783], [201.1464, 314.0201], [195.8551, 311.7805], [191.0357, 313.6854], [186.5776, 319.0928], [180.8972, 321.1827], [176.2761, 322.5081], [171.5084, 323.1056], [167.9124, 320.922], [168.669, 317.4573], [164.869, 312.614], [159.2206, 309.221], [155.504, 302.9955], [150.6391, 298.0974], [144.6184, 293.1765], [138.2505, 288.3028], [136.9724, 283.6284], [139.2064, 278.5159], [142.8966, 278.4115], [146.3437, 276.6626], [149.5909, 272.8282], [153.632, 272.7013], [155.6569, 272.0047], [156.2311, 269.2259], [156.0817, 264.0955], [159.2806, 259.9662], [161.9036, 257.6962], [165.44, 257.92], [165.44, 257.92]]]}}, {"type": "Feature", "id": "mun_11312", "properties": {"id": "11312", "name": "Sapna", "layer": "municipality", "center_svg": [659, 352], "population_1991": {"total": 14078, "bosniaks": 10317, "croats": 15, "serbs": 3609, "others": 137}}, "geometry": {"type": "Polygon", "coordinates": [[[666.24, 334.08], [668.4472, 333.8237], [670.4384, 334.7628], [671.7163, 334.6864], [672.8832, 335.243], [672.7872, 337.5216], [672.7496, 339.747], [672.5423, 342.095], [672.0398, 344.4], [671.0688, 346.3045], [669.1146, 347.3107], [669.5107, 349.0025], [669.6258, 350.6724], [670.7688, 353.0783], [670.3992, 356.0609], [670.0227, 358.1215], [668.5794, 359.6412], [666.6335, 359.8124], [665.692, 361.8137], [666.0646, 364.112], [667.1078, 366.2293], [666.4667, 368.2879], [664.5622, 369.5722], [662.3655, 370.2594], [660.0824, 369.8607], [658.3231, 371.6233], [656.9395, 373.8174], [655.6606, 374.5149], [655.5525, 372.8174], [655.5552, 370.5392], [654.8132, 368.4133], [652.6753, 368.0759], [651.6187, 366.373], [652.3696, 364.4499], [653.5209, 362.4694], [655.4327, 361.3416], [656.2903, 359.5446], [654.7143, 359.8375], [653.273, 359.0347], [651.0525, 358.8862], [648.8206, 358.3121], [646.7679, 357.5256], [644.6776, 356.8205], [642.8041, 356.1695], [641.9677, 354.1444], [642.0918, 351.8918], [641.3387, 349.6725], [640.8327, 348.3022], [641.7068, 347.84], [643.9515, 347.3887], [646.1334, 347.5452], [648.2569, 346.9257], [649.4641, 345.0488], [650.2406, 343.0472], [651.0446, 341.5626], [652.1285, 340.529], [652.3487, 338.5752], [654.2953, 337.8654], [655.9785, 337.9933], [657.0103, 336.5147], [658.4537, 335.36], [660.2955, 333.8269], [662.0627, 332.2365], [663.9403, 333.0237], [665.9199, 333.76], [666.24, 334.08]]]}}, {"type": "Feature", "id": "mun_20532", "properties": {"id": "20532", "name": "Sokolac", "layer": "municipality", "center_svg": [628, 502], "population_1991": {"total": 15513, "bosniaks": 5017, "croats": 19, "serbs": 10301, "others": 176}}, "geometry": {"type": "Polygon", "coordinates": [[[643.84, 488.96], [646.4679, 488.4987], [647.5354, 489.9794], [654.0336, 493.6173], [660.5111, 497.4341], [665.8848, 498.9925], [669.0054, 502.4316], [668.0283, 509.9247], [667.0584, 517.6185], [665.7435, 520.1861], [664.64, 523.52], [663.7651, 526.6541], [661.4985, 525.232], [656.2622, 523.2601], [650.4522, 524.3197], [649.3998, 528.1387], [646.2446, 529.4881], [642.6286, 529.9669], [638.9159, 530.7042], [636.0587, 533.4404], [637.6003, 537.5424], [632.7073, 538.0592], [628.9628, 540.921], [622.1457, 540.6605], [617.9086, 536.5739], [614.6948, 534.6901], [613.1903, 531.8], [607.3675, 530.1326], [602.402, 527.1303], [597.8206, 526.5327], [597.12, 522.9476], [596.5526, 518.6851], [597.1475, 514.296], [596.4677, 508.6442], [594.8251, 503.0687], [593.0055, 503.3805], [590.4826, 505.0528], [588.5682, 509.0217], [585.1288, 511.7519], [581.573, 511.7895], [577.0276, 510.72], [575.3803, 510.0536], [573.71, 509.7236], [572.05, 505.314], [573.9137, 501.352], [578.5391, 497.8311], [584.5457, 497.3929], [589.394, 498.3314], [590.2582, 495.1511], [585.4471, 493.0453], [585.1634, 488.0637], [587.7759, 485.599], [589.9384, 483.0215], [592.9353, 478.1341], [596.5102, 473.615], [601.1081, 469.4879], [606.0328, 465.8327], [610.7891, 462.7343], [615.8617, 461.5608], [617.6765, 466.7089], [622.0447, 471.4397], [626.8729, 473.3198], [631.4295, 475.9328], [637.453, 477.7967], [643.4406, 479.2697], [643.7918, 483.023], [641.8337, 486.938], [642.5482, 488.1911], [643.84, 488.96], [643.84, 488.96]]]}}, {"type": "Feature", "id": "mun_20559", "properties": {"id": "20559", "name": "Srbac", "layer": "municipality", "center_svg": [388, 210], "population_1991": {"total": 21840, "bosniaks": 940, "croats": 140, "serbs": 19382, "others": 1378}}, "geometry": {"type": "Polygon", "coordinates": [[[371.84, 189.12], [369.5598, 191.7595], [370.7498, 193.5923], [373.4203, 192.4746], [375.731, 193.887], [379.7895, 192.9862], [380.6394, 189.0057], [383.6213, 189.4215], [383.3595, 193.65], [387.1456, 192.5808], [390.313, 194.0662], [393.622, 193.7402], [396.956, 192.386], [400.1982, 188.8106], [404.7514, 187.2], [408.3945, 189.5436], [411.7616, 192.3714], [416.8954, 195.4821], [421.4925, 199.6163], [425.6, 200.7034], [427.8401, 202.7571], [425.6485, 207.4509], [422.08, 211.84], [421.9997, 216.4821], [419.0029, 217.6], [415.9437, 218.7416], [414.9518, 221.4136], [412.9984, 224.8308], [409.8663, 225.9543], [408.5276, 222.9943], [405.4826, 223.2379], [403.2979, 223.156], [401.8591, 224.0407], [399.563, 224.8319], [397.1365, 226.0016], [394.4763, 230.2129], [389.8723, 232.6184], [391.6663, 234.9904], [390.6826, 237.1562], [389.2141, 239.2582], [387.2239, 240.5361], [386.1506, 239.3781], [385.2801, 239.3599], [383.373, 241.2483], [380.4825, 241.8919], [380.8246, 239.0831], [378.671, 236.5627], [376.2663, 234.8381], [375.5308, 236.8218], [372.6512, 238.751], [368.1344, 237.1559], [368.8834, 238.5042], [369.28, 239.9999], [371.2965, 242.8808], [369.2192, 244.1713], [366.5168, 242.8651], [364.16, 239.8028], [365.3577, 237.7494], [363.52, 235.9628], [363.4642, 233.4713], [363.2071, 230.5235], [363.2649, 228.4876], [361.6221, 228.7544], [357.2847, 227.9182], [352.9948, 226.7659], [349.8711, 224.6842], [350.9988, 221.4812], [352.11, 220.0692], [353.4954, 218.6783], [355.3964, 216.2842], [351.9926, 215.1249], [351.6889, 213.5703], [353.92, 213.76], [355.462, 212.2034], [354.8958, 210.1276], [355.8101, 206.4126], [354.0395, 204.029], [353.3387, 201.6195], [353.28, 198.8429], [355.3545, 195.4009], [358.4, 193.92], [359.5096, 191.1786], [361.4305, 189.1533], [364.2409, 189.2621], [367.3951, 188.9664], [369.9287, 186.695], [371.8443, 187.5699], [371.8413, 188.3491], [371.84, 189.12]]]}}, {"type": "Feature", "id": "mun_20567", "properties": {"id": "20567", "name": "Srebrenica", "layer": "municipality", "center_svg": [736, 486], "population_1991": {"total": 36666, "bosniaks": 27572, "croats": 38, "serbs": 8315, "others": 741}}, "geometry": {"type": "Polygon", "coordinates": [[[715.84, 445.12], [721.2491, 447.0141], [726.7889, 447.323], [727.8505, 451.2446], [730.9647, 451.7748], [733.5878, 450.1907], [735.9497, 452.3429], [739.3219, 451.324], [739.52, 453.9906], [740.3098, 456.6851], [739.8579, 459.4463], [742.7774, 460.2239], [744.9708, 458.8374], [748.4555, 462.434], [752.5168, 464.4014], [754.4628, 465.7729], [756.643, 468.3231], [757.1129, 471.4984], [755.1454, 472.9159], [754.1246, 474.4984], [752.1208, 475.1755], [748.4192, 478.3633], [750.72, 481.28], [751.2428, 477.3537], [753.978, 477.8612], [756.4115, 480.2926], [759.06, 480.9488], [763.6616, 481.8727], [767.663, 484.1345], [769.8489, 484.0412], [771.8934, 484.5053], [777.8291, 484.8618], [781.2947, 481.6542], [786.0524, 484.1006], [785.7242, 488.617], [780.8383, 490.8094], [775.8235, 492.7112], [776.36, 495.9714], [773.7294, 497.5821], [770.0616, 501.9172], [765.7983, 504.64], [761.8524, 504.6622], [757.9483, 504.4631], [751.8999, 503.9999], [746.204, 502.6721], [743.2398, 502.6712], [739.6881, 503.0832], [736.9077, 500.808], [734.9092, 498.0093], [730.255, 497.2476], [726.1381, 494.5321], [719.6946, 493.7738], [714.6758, 490.1373], [711.3188, 491.3833], [711.68, 496.4612], [714.6975, 501.8076], [713.447, 506.4958], [709.9711, 507.3232], [707.3788, 509.8844], [704.2017, 505.7178], [700.7468, 501.9099], [698.1148, 496.8003], [697.2337, 491.3429], [698.4032, 486.3092], [701.3503, 481.5714], [702.8842, 477.8699], [703.7891, 474.0648], [704.4508, 470.8373], [700.5912, 470.0487], [696.3101, 467.93], [696.0038, 463.4562], [692.9547, 461.1352], [694.9108, 459.0773], [700.2665, 459.2406], [701.5879, 455.9447], [701.4861, 450.8016], [704.7799, 447.6394], [710.3134, 446.3762], [715.6119, 444.8843], [715.84, 445.12]]]}}, {"type": "Feature", "id": "mun_10987", "properties": {"id": "10987", "name": "Srebrenik", "layer": "municipality", "center_svg": [572, 312], "population_1991": {"total": 40896, "bosniaks": 30528, "croats": 2752, "serbs": 5308, "others": 2308}}, "geometry": {"type": "Polygon", "coordinates": [[[573.76, 284.16], [574.9356, 286.6955], [574.4886, 289.5257], [577.6299, 292.4535], [580.157, 295.9942], [582.348, 295.079], [584.5271, 295.3324], [588.4704, 295.4917], [592.2471, 295.36], [593.4736, 297.74], [594.2037, 300.0462], [594.4786, 302.5278], [594.0497, 304.8349], [593.7176, 308.1902], [592.7431, 311.3884], [593.0409, 314.104], [590.7586, 315.6855], [587.3097, 317.6404], [585.6025, 320.7152], [584.6656, 323.4887], [583.678, 325.9182], [582.5299, 327.3803], [583.0207, 328.9408], [579.7828, 329.785], [576.4215, 328.7132], [575.6784, 326.75], [574.2773, 325.2448], [572.2478, 322.5496], [569.2572, 320.8329], [567.4434, 321.4621], [565.3492, 321.3677], [561.7166, 321.9471], [557.9558, 320.6249], [556.1192, 318.6025], [554.506, 316.3841], [553.2355, 314.5988], [551.2199, 314.4045], [549.8798, 310.6881], [548.0468, 307.1514], [544.7217, 305.3899], [542.9061, 302.9077], [542.4933, 300.1542], [544.0096, 298.4716], [544.1024, 296.0389], [543.9843, 294.1553], [546.1909, 293.4966], [547.9418, 291.9396], [550.1256, 291.1449], [552.2758, 290.534], [552.1352, 288.8763], [552.8966, 287.5531], [554.4281, 287.3348], [556.6621, 287.5521], [558.208, 287.7675], [559.1623, 286.6031], [561.1727, 285.8043], [562.24, 284.1603], [564.0241, 283.7577], [565.6144, 284.5099], [568.739, 283.0386], [572.1236, 282.5603], [572.4822, 283.8621], [573.76, 284.1602], [573.76, 284.16]]]}}, {"type": "Feature", "id": "mun_11584", "properties": {"id": "11584", "name": "Stari Grad Sarajevo", "layer": "municipality", "center_svg": [579, 530], "population_1991": {"total": 49550, "bosniaks": 39325, "croats": 1120, "serbs": 4065, "others": 5040}}, "geometry": {"type": "Polygon", "coordinates": [[[569.6, 507.52], [568.6244, 509.4059], [567.5704, 511.2351], [566.6106, 513.183], [565.7094, 515.1499], [564.7732, 517.2075], [563.9528, 519.3117], [562.7965, 521.0218], [561.5411, 522.6212], [561.3263, 523.8217], [562.4017, 524.343], [563.8674, 525.6125], [563.7733, 527.3818], [562.8656, 528.6001], [561.5905, 529.1484], [561.3162, 531.219], [560.9547, 533.2826], [560.7038, 535.5118], [560.32, 537.7082], [560.32, 539.0941], [560.32, 540.48], [559.3228, 541.9131], [557.6557, 541.7208], [556.4443, 540.2777], [555.3186, 538.6551], [553.3753, 537.3841], [551.04, 536.96], [551.7542, 536.335], [552.2161, 535.5568], [552.2636, 533.905], [552.6472, 532.2646], [553.0344, 530.4857], [554.0078, 528.9134], [554.2403, 527.8234], [554.8134, 526.9669], [554.9723, 525.298], [556.1935, 523.8745], [556.5408, 522.8099], [557.0003, 521.3834], [557.1761, 520.5324], [557.5976, 519.9974], [555.8586, 519.5816], [554.0604, 519.353], [553.3088, 518.8765], [553.7878, 518.5756], [554.3916, 516.8235], [554.9145, 514.9659], [554.1295, 513.5017], [554.9384, 512.3258], [556.6057, 511.4002], [557.1277, 509.6539], [557.4026, 507.8265], [559.1082, 507.8479], [560.9029, 508.4273], [562.6205, 509.1805], [563.6175, 508.7993], [564.7844, 508.1746], [565.6053, 508.0464], [566.16, 507.4367], [566.853, 506.1777], [567.6927, 505.0459], [568.9256, 504.1758], [570.2189, 505.2443], [570.3482, 506.4145], [569.6, 507.52]]]}}, {"type": "Feature", "id": "mun_11606", "properties": {"id": "11606", "name": "Stolac", "layer": "municipality", "center_svg": [448, 750], "population_1991": {"total": 15187, "bosniaks": 7397, "croats": 5551, "serbs": 1802, "others": 437}}, "geometry": {"type": "Polygon", "coordinates": [[[450.56, 708.48], [451.7308, 711.5317], [454.6684, 714.5194], [455.3084, 718.3621], [455.36, 722.738], [457.6496, 726.672], [459.8632, 730.6035], [459.993, 733.7108], [461.9192, 735.1196], [466.0106, 735.7847], [470.07, 736.6119], [473.3187, 739.6841], [475.0983, 743.7248], [472.3216, 745.9022], [469.8201, 748.7209], [466.7497, 752.3968], [463.1884, 755.5924], [462.4398, 759.0901], [463.5736, 762.9855], [463.1105, 766.5381], [461.6039, 769.808], [460.0585, 772.8428], [461.3391, 775.9145], [456.5375, 773.7681], [451.8419, 771.2543], [446.377, 768.7988], [440.9129, 766.1425], [435.8635, 763.2884], [431.04, 759.9999], [426.8393, 757.3306], [422.7252, 754.6614], [420.2214, 752.9756], [420.6392, 751.3584], [424.3737, 753.0324], [427.4604, 755.54], [430.0933, 754.6229], [431.9308, 751.1005], [430.6713, 748.52], [428.8838, 745.6443], [428.4576, 743.6917], [430.3676, 742.3713], [432.2536, 741.0033], [431.68, 739.0219], [433.6708, 735.6541], [435.7353, 732.5062], [434.4484, 730.6612], [435.7692, 729.2575], [438.6927, 726.4585], [440.64, 722.88], [442.8388, 720.1461], [441.2111, 716.911], [442.4921, 715.3405], [443.132, 713.3739], [444.0462, 711.5137], [444.7855, 709.4518], [446.8248, 708.4535], [448.7715, 706.9174], [450.1494, 707.0548], [450.56, 708.48], [450.56, 708.48]]]}}, {"type": "Feature", "id": "mun_20656", "properties": {"id": "20656", "name": "Šamac", "layer": "municipality", "center_svg": [563, 222], "population_1991": {"total": 25299, "bosniaks": 2221, "croats": 7669, "serbs": 13267, "others": 2142}}, "geometry": {"type": "Polygon", "coordinates": [[[557.12, 206.08], [558.9119, 205.2792], [560.5806, 206.2497], [562.9838, 207.4881], [564.8124, 209.6305], [567.6754, 211.46], [570.7949, 212.8448], [573.548, 214.4166], [576.3678, 215.8755], [578.0, 217.7373], [577.5874, 219.6905], [578.9382, 220.9161], [578.2225, 222.4253], [578.0071, 224.0472], [580.3841, 224.886], [581.6754, 225.9894], [583.0288, 225.3762], [583.7689, 226.5277], [584.6938, 226.375], [585.6644, 226.2636], [586.7921, 225.9148], [588.1202, 226.1425], [589.4513, 226.5688], [590.9647, 227.155], [589.7416, 228.2962], [589.4889, 229.9425], [591.4858, 230.08], [591.2401, 232.1086], [589.4176, 233.8226], [589.1184, 235.4939], [588.4623, 236.9688], [586.5828, 237.7665], [585.0804, 238.8806], [584.5342, 239.8341], [583.4549, 241.0902], [580.6742, 242.1822], [577.5726, 242.4029], [577.1416, 240.8784], [577.191, 239.271], [574.9298, 238.488], [573.1641, 236.8814], [572.4978, 235.119], [571.8292, 233.8666], [570.4734, 233.0982], [569.5906, 233.5164], [568.4601, 233.6037], [567.8222, 234.1542], [566.4318, 233.4481], [565.9755, 234.7749], [567.2862, 235.8229], [568.8674, 236.4239], [567.8726, 238.959], [565.4816, 240.2987], [562.5839, 241.5974], [560.0317, 243.615], [559.0082, 243.2368], [559.8418, 242.2499], [558.4706, 241.6479], [556.2567, 242.2308], [554.9885, 241.5725], [553.9179, 240.6028], [553.5758, 239.0381], [552.782, 239.8579], [550.7552, 238.7979], [549.1558, 237.2611], [549.2015, 234.8565], [548.8, 232.64], [551.0947, 231.4232], [553.6121, 230.6998], [555.0761, 230.64], [555.2, 229.0627], [555.2156, 227.6534], [554.2923, 227.3303], [551.5817, 226.7818], [549.0755, 225.9002], [547.2127, 225.1657], [547.6078, 223.2121], [547.9168, 220.4402], [546.5136, 218.497], [545.1687, 217.1413], [543.36, 216.7083], [542.7146, 214.5464], [543.4953, 212.5169], [544.8606, 212.1442], [546.2226, 212.1902], [548.5205, 212.642], [549.6025, 210.8361], [551.3294, 209.4065], [553.3616, 209.1224], [553.3131, 207.7134], [554.4861, 206.8745], [555.4004, 206.0173], [554.3201, 205.1908], [555.8227, 205.2639], [557.12, 206.08]]]}}, {"type": "Feature", "id": "mun_20664", "properties": {"id": "20664", "name": "Šekovići", "layer": "municipality", "center_svg": [639, 408], "population_1991": {"total": 10347, "bosniaks": 326, "croats": 11, "serbs": 9741, "others": 269}}, "geometry": {"type": "Polygon", "coordinates": [[[634.24, 391.04], [634.5271, 393.1527], [635.7018, 394.88], [635.0428, 396.3833], [636.2755, 396.2229], [639.043, 397.2906], [641.5565, 398.0732], [643.4744, 398.1238], [644.7656, 399.3909], [647.7234, 397.9045], [650.5798, 395.8684], [652.3564, 394.0251], [653.12, 391.6799], [654.5475, 393.7088], [656.3606, 394.6416], [659.3025, 395.083], [662.3082, 394.9755], [664.3049, 397.0988], [664.96, 400.0], [663.1295, 399.094], [661.2999, 400.0424], [659.5817, 402.8512], [658.4322, 405.8549], [658.4382, 406.8454], [661.0051, 407.9394], [663.2885, 409.1456], [665.8562, 410.3081], [667.6535, 411.0943], [665.6422, 412.8643], [664.4907, 415.648], [662.2618, 417.9199], [660.1144, 418.5861], [657.9354, 418.5143], [656.2902, 418.9916], [655.2391, 420.0362], [652.91, 419.818], [651.2639, 418.3145], [649.7014, 419.737], [648.5769, 421.8171], [649.0422, 423.7934], [648.6351, 425.8494], [646.8479, 428.0491], [645.129, 430.11], [641.9548, 430.0212], [639.2719, 430.2691], [638.9173, 432.4032], [637.4395, 432.7867], [636.0914, 433.4928], [635.3549, 432.6213], [633.2569, 433.2553], [632.3523, 434.788], [630.3032, 433.7077], [628.1323, 434.6078], [625.8526, 432.8736], [624.1072, 430.509], [621.8548, 428.4084], [619.8046, 426.2063], [619.2956, 423.5308], [618.8963, 420.8277], [617.661, 417.4591], [615.68, 414.3999], [615.1395, 411.2878], [614.6856, 408.1491], [614.6347, 404.8454], [615.5157, 401.7701], [617.8966, 399.4319], [621.0698, 398.0211], [624.3685, 397.2583], [626.8073, 395.1066], [628.6882, 391.9354], [632.1979, 391.4536], [633.2391, 391.414], [634.24, 391.04], [634.24, 391.04]]]}}, {"type": "Feature", "id": "mun_20672", "properties": {"id": "20672", "name": "Šipovo", "layer": "municipality", "center_svg": [296, 440], "population_1991": {"total": 15751, "bosniaks": 2965, "croats": 31, "serbs": 12502, "others": 253}}, "geometry": {"type": "Polygon", "coordinates": [[[286.4004, 394.2402], [282.3097, 398.4703], [280.8097, 404.1081], [280.2845, 407.1715], [282.8131, 409.5031], [280.4937, 412.2514], [277.6316, 413.9698], [276.3648, 417.6124], [274.5474, 421.2794], [268.7788, 427.2259], [267.8233, 434.002], [268.1286, 438.5311], [265.3686, 440.141], [260.3983, 437.6875], [254.7991, 436.4805], [253.2488, 434.2798], [252.8233, 435.35], [258.1766, 441.9272], [264.0976, 448.0152], [270.9817, 453.5934], [277.7896, 459.2537], [281.1515, 461.1769], [282.2854, 464.5411], [285.645, 467.8899], [288.5936, 467.318], [293.8856, 465.2756], [298.7709, 463.7644], [302.8648, 467.0576], [308.0922, 466.9955], [313.7019, 469.7169], [319.3408, 471.6715], [323.1468, 472.8901], [323.9279, 471.5986], [327.4682, 463.0408], [330.8809, 454.4004], [331.8476, 445.5019], [328.5032, 437.5556], [323.7327, 432.8801], [320.9288, 427.1591], [316.4286, 422.5726], [312.7982, 417.5664], [309.4058, 418.6329], [309.2688, 415.8452], [307.7824, 414.6274], [305.3455, 413.4083], [302.7863, 410.1777], [304.4957, 407.2797], [305.246, 403.9413], [302.9008, 403.4098], [298.8852, 403.1479], [295.1424, 402.9795], [296.4561, 400.2751], [294.5544, 398.4771], [290.8259, 399.1258], [288.0739, 397.1807], [287.2309, 395.7138], [286.4004, 394.2402], [216.9609, 404.1601], [217.8642, 404.7113], [216.9609, 404.1601], [237.4395, 422.4004], [239.5901, 425.5679], [242.2565, 425.9691], [240.1139, 423.8345], [237.4395, 422.4004], [243.1992, 426.8808], [247.7489, 430.5038], [252.2146, 432.5335], [251.2428, 429.6298], [246.3463, 427.6941], [244.5825, 426.3799], [243.1992, 426.8808], [286.4004, 394.2402]]]}}, {"type": "Feature", "id": "mun_10570", "properties": {"id": "10570", "name": "Široki Brijeg", "layer": "municipality", "center_svg": [385, 661], "population_1991": {"total": 27160, "bosniaks": 9, "croats": 26864, "serbs": 148, "others": 139}}, "geometry": {"type": "Polygon", "coordinates": [[[379.1992, 626.5606], [377.115, 630.5395], [375.5703, 634.9528], [373.8479, 636.1251], [370.3773, 634.2402], [366.083, 635.2347], [363.5195, 638.5837], [360.0103, 637.3079], [357.2158, 637.5271], [358.7981, 639.6266], [358.6352, 641.2742], [359.0001, 644.0249], [359.4702, 646.8929], [358.1144, 649.1609], [354.826, 650.9068], [352.47, 653.7056], [354.0541, 656.6981], [356.1761, 659.8134], [358.845, 662.4567], [358.5183, 664.9693], [359.1094, 666.6391], [362.3596, 667.5586], [365.6009, 666.4099], [368.8419, 666.3141], [370.1437, 670.4162], [369.8507, 674.405], [367.6797, 677.7597], [366.2345, 679.1488], [368.3417, 680.5556], [371.3107, 682.9541], [374.0047, 685.6367], [375.759, 688.133], [378.3115, 690.1088], [381.5108, 691.6168], [384.0364, 689.8309], [386.9116, 686.3671], [390.1391, 686.1964], [392.8233, 685.9563], [394.2482, 684.0823], [397.4875, 684.4584], [400.8998, 686.9799], [405.6316, 688.3459], [410.1474, 689.3053], [413.1984, 688.2039], [414.958, 685.5081], [416.1156, 681.8461], [412.9903, 679.9728], [412.6944, 678.6707], [411.7802, 677.6731], [408.7588, 677.0103], [408.2842, 674.3937], [408.5323, 670.8715], [408.9818, 667.504], [406.4869, 664.4114], [408.1428, 661.8911], [411.3572, 659.7282], [413.4395, 657.5996], [409.6441, 654.7324], [405.8251, 651.8996], [402.1709, 650.5524], [398.5651, 649.0795], [395.5563, 649.8999], [394.9688, 647.8564], [395.5335, 644.6384], [393.5608, 641.5438], [390.6378, 637.8685], [386.9128, 634.8602], [384.8859, 630.4251], [380.8673, 627.6451], [379.9935, 627.1524], [379.1992, 626.5605], [413.1191, 678.4004], [379.1992, 626.5606]]]}}, {"type": "Feature", "id": "mun_11339", "properties": {"id": "11339", "name": "Teočak", "layer": "municipality", "center_svg": [661, 333], "population_1991": {"total": 7777, "bosniaks": 7314, "croats": 4, "serbs": 42, "others": 417}}, "geometry": {"type": "Polygon", "coordinates": [[[650.56, 341.44], [650.272, 340.3711], [650.5821, 339.2297], [651.3208, 338.166], [651.8199, 336.9742], [652.1774, 335.6138], [652.5554, 334.2633], [652.6646, 333.0534], [652.6255, 331.8359], [653.7948, 330.8546], [655.0057, 329.9125], [655.2451, 328.6456], [655.8228, 327.5495], [656.9138, 326.5962], [658.014, 325.6573], [659.2186, 324.8865], [660.4921, 324.18], [661.5108, 323.8724], [662.5879, 324.17], [663.8181, 324.5295], [665.0254, 324.5942], [666.1358, 324.597], [667.1398, 324.4777], [667.8865, 324.8053], [669.1388, 325.6129], [670.3088, 326.5337], [671.1731, 327.4082], [671.9999, 328.3773], [672.2489, 329.5656], [672.5094, 330.7026], [672.4998, 331.3491], [672.2963, 331.9903], [672.5345, 333.2709], [672.8855, 334.4852], [672.0003, 334.5856], [671.3455, 335.0025], [670.1169, 334.546], [668.8922, 333.8732], [667.5559, 333.8369], [666.2101, 334.0248], [665.1736, 333.5884], [664.0305, 333.4395], [663.1827, 332.4254], [661.9499, 332.2756], [661.0116, 333.1023], [660.1963, 334.0188], [658.9286, 334.9469], [657.5998, 335.7373], [656.9024, 336.5292], [656.6398, 337.5995], [655.7799, 337.871], [654.958, 337.3613], [653.888, 338.1864], [652.5725, 338.562], [651.9149, 339.1553], [652.1598, 340.3028], [652.1598, 341.0312], [652.1598, 341.7595], [651.3037, 341.5825], [650.5599, 341.4395], [650.56, 341.44]]]}}, {"type": "Feature", "id": "mun_20575", "properties": {"id": "20575", "name": "Teslić", "layer": "municipality", "center_svg": [425, 349], "population_1991": {"total": 60708, "bosniaks": 12875, "croats": 9930, "serbs": 33316, "others": 4587}}, "geometry": {"type": "Polygon", "coordinates": [[[424.32, 297.92], [428.1605, 297.3978], [431.4077, 299.4302], [434.6168, 302.5409], [433.143, 308.4254], [436.6163, 311.2466], [439.294, 309.44], [442.4381, 305.9904], [445.5017, 306.8417], [447.8663, 306.8714], [449.9622, 307.8535], [451.913, 303.9769], [453.7926, 301.2297], [450.7259, 308.4944], [446.97, 315.4261], [447.6528, 322.2319], [450.6553, 328.397], [454.3182, 332.5736], [457.4736, 337.1058], [459.9614, 342.7967], [462.0843, 348.8152], [462.83, 357.3089], [460.16, 365.44], [454.6532, 371.1206], [448.0512, 375.5782], [441.12, 377.8556], [434.1412, 379.9922], [427.9701, 382.3955], [422.8958, 386.656], [418.4471, 389.1124], [414.3574, 386.4815], [411.0856, 387.1656], [408.454, 385.4485], [406.8594, 382.2332], [405.5169, 379.0903], [406.5415, 375.3878], [404.546, 374.4], [400.8362, 374.1619], [400.339, 370.7453], [398.3907, 366.1706], [397.7822, 362.1451], [399.1817, 360.437], [397.362, 358.8244], [391.0078, 359.2082], [386.6152, 354.8262], [391.6155, 350.6009], [394.6475, 345.2768], [393.2377, 340.2826], [391.8984, 335.8144], [386.287, 334.5156], [385.5013, 330.0296], [385.3223, 323.2544], [383.4797, 316.7388], [385.3935, 315.6158], [386.264, 313.3798], [384.7245, 310.2309], [384.6808, 306.7548], [386.0784, 303.5626], [388.7563, 302.266], [392.2389, 299.9536], [394.8343, 302.545], [399.4063, 305.1976], [403.84, 303.04], [408.3789, 302.7925], [412.5321, 302.2107], [415.9296, 296.1792], [420.1501, 291.0594], [423.359, 293.7235], [424.32, 297.92], [424.32, 297.92]]]}}, {"type": "Feature", "id": "mun_11045", "properties": {"id": "11045", "name": "Tešanj", "layer": "municipality", "center_svg": [464, 329], "population_1991": {"total": 41146, "bosniaks": 34500, "croats": 3649, "serbs": 1663, "others": 1334}}, "geometry": {"type": "Polygon", "coordinates": [[[458.56, 303.68], [458.7932, 305.4458], [459.52, 307.2], [459.1395, 309.9923], [459.5325, 312.7695], [461.0427, 314.3613], [463.3916, 313.2983], [465.0082, 313.4721], [465.92, 312.32], [466.4093, 311.7955], [466.88, 311.1868], [468.1279, 312.0404], [468.1358, 314.2754], [469.0158, 316.2809], [468.8955, 318.1948], [469.729, 318.5569], [470.8153, 318.465], [472.2379, 317.2875], [472.3185, 315.5228], [472.9234, 313.4354], [471.6487, 312.7238], [472.9482, 311.3348], [473.9089, 309.3263], [473.8613, 307.5552], [475.1017, 306.1964], [476.5687, 305.8625], [476.462, 306.9394], [477.4623, 309.2932], [477.8782, 311.7946], [477.8188, 314.0863], [477.36, 316.32], [478.2941, 317.4835], [479.7133, 316.5022], [482.0819, 315.6612], [484.3284, 315.6884], [484.4561, 318.0382], [485.3448, 319.6879], [487.0565, 320.4937], [485.9958, 322.0042], [483.8212, 323.154], [482.2222, 324.9254], [480.9501, 326.9879], [479.4414, 328.8242], [479.6513, 330.9697], [479.3616, 332.8374], [478.4797, 334.2452], [478.0922, 335.7807], [476.7078, 337.6267], [477.5984, 340.0147], [477.5751, 342.316], [475.9916, 343.5284], [474.1467, 344.721], [471.6177, 344.2981], [469.1452, 344.4675], [466.6821, 344.2989], [466.2633, 342.8055], [465.3779, 343.2341], [463.2814, 343.7759], [461.4658, 342.511], [460.8472, 341.1467], [459.482, 341.4185], [458.0146, 339.6148], [457.355, 337.2087], [456.2793, 335.4835], [455.0681, 333.7796], [453.7874, 331.661], [452.0003, 329.9204], [449.911, 327.4636], [448.4828, 324.6678], [447.6896, 322.1961], [447.048, 319.6878], [446.9114, 316.5467], [447.1322, 313.4271], [448.9206, 310.9706], [450.7606, 308.5206], [452.295, 306.792], [452.9545, 304.6021], [453.8475, 304.3664], [454.4001, 303.5236], [455.4287, 302.7956], [456.605, 302.0099], [457.802, 301.3813], [458.341, 302.533], [458.5247, 303.0929], [458.5601, 303.68], [458.56, 303.68]]]}}, {"type": "Feature", "id": "mun_10308", "properties": {"id": "10308", "name": "Tomislavgrad", "layer": "municipality", "center_svg": [320, 591], "population_1991": {"total": 30009, "bosniaks": 3148, "croats": 25976, "serbs": 576, "others": 309}}, "geometry": {"type": "Polygon", "coordinates": [[[307.2, 526.72], [309.7866, 526.904], [312.9805, 526.3756], [315.2221, 527.8524], [318.72, 530.24], [320.9911, 531.2322], [320.6947, 533.4679], [322.6458, 539.9113], [325.1452, 546.2568], [326.1995, 550.5368], [330.29, 552.63], [335.3228, 553.2964], [340.0944, 555.5035], [343.6248, 558.4347], [348.0878, 558.2921], [355.5951, 559.602], [360.2602, 564.8015], [362.3002, 569.2515], [365.8045, 572.7742], [368.1511, 579.2913], [372.0643, 585.324], [376.3287, 588.2801], [374.72, 592.3099], [369.2405, 600.7483], [362.8877, 608.0731], [357.4431, 606.8486], [353.6466, 603.1374], [347.1973, 606.7701], [341.1628, 609.8344], [337.448, 616.2375], [330.4558, 617.1852], [327.1897, 616.0263], [324.9969, 618.2461], [322.3624, 617.0513], [322.56, 614.7402], [314.3912, 614.0968], [305.9573, 614.7362], [297.9725, 614.4859], [290.3786, 613.397], [288.5112, 617.7016], [286.396, 617.7286], [279.8423, 614.0304], [273.7209, 609.6762], [268.3519, 601.9489], [262.2531, 595.1605], [258.2037, 588.6986], [254.8374, 582.0787], [262.772, 583.5648], [270.6191, 583.5789], [273.3317, 586.5417], [275.3092, 584.7387], [278.0645, 579.3186], [282.6611, 575.4191], [289.5321, 571.0442], [294.72, 565.7699], [298.8803, 561.2354], [302.8586, 556.2026], [305.2534, 553.0798], [302.8056, 551.0826], [298.5508, 548.9799], [298.5501, 544.5347], [299.8294, 539.999], [300.1154, 535.2613], [298.7784, 529.2942], [304.2191, 526.3134], [305.9487, 525.4851], [307.2, 526.7197], [307.2, 526.72]]]}}, {"type": "Feature", "id": "mun_11061", "properties": {"id": "11061", "name": "Travnik", "layer": "municipality", "center_svg": [397, 419], "population_1991": {"total": 69971, "bosniaks": 31813, "croats": 25750, "serbs": 7375, "others": 5033}}, "geometry": {"type": "Polygon", "coordinates": [[[420.16, 393.28], [422.2363, 394.881], [424.1208, 394.6668], [426.2739, 399.026], [429.3804, 402.7851], [430.5304, 405.6385], [431.9237, 407.68], [432.0148, 410.2895], [434.3023, 413.287], [435.9701, 417.4807], [431.6917, 419.9327], [429.7877, 423.6929], [429.3315, 427.7181], [430.0563, 431.5568], [430.3468, 435.5062], [428.0351, 438.6908], [423.68, 440.32], [421.1639, 442.5099], [418.4952, 444.8765], [416.2992, 446.8281], [414.4972, 445.3341], [414.9011, 441.5911], [411.8942, 439.7883], [409.2952, 440.7509], [406.3763, 441.271], [400.8357, 440.9668], [395.3514, 440.6127], [391.1963, 440.3401], [389.12, 443.2763], [387.4297, 446.5972], [383.768, 447.0147], [379.1108, 449.5655], [374.5103, 447.9509], [371.1961, 446.1273], [367.5658, 445.6597], [367.6848, 441.7163], [368.9258, 437.0461], [368.9384, 433.964], [366.4, 432.64], [363.5241, 432.9199], [360.7972, 432.1606], [358.9792, 428.7174], [357.9028, 424.9655], [359.3914, 420.9489], [360.2544, 417.4534], [359.6184, 415.0652], [358.7598, 412.5198], [358.139, 407.5829], [360.6484, 405.089], [360.6461, 401.4155], [359.3449, 397.6219], [361.1546, 396.2902], [364.1715, 399.6784], [366.9214, 400.8683], [369.7401, 402.3801], [372.3852, 401.4985], [370.9989, 397.9511], [372.397, 395.1401], [376.64, 396.48], [379.653, 399.5134], [383.1926, 400.32], [388.2709, 399.9773], [393.1211, 398.4544], [398.1307, 398.8152], [402.24, 396.48], [406.5143, 393.5149], [411.55, 393.1659], [415.4318, 391.0694], [419.1347, 390.7677], [419.5971, 392.072], [420.16, 393.28]]]}}, {"type": "Feature", "id": "mun_20583", "properties": {"id": "20583", "name": "Trebinje", "layer": "municipality", "center_svg": [535, 840], "population_1991": {"total": 29201, "bosniaks": 5550, "croats": 442, "serbs": 20412, "others": 2797}}, "geometry": {"type": "Polygon", "coordinates": [[[470.08, 784.32], [475.0366, 786.6893], [477.6411, 790.9011], [483.2138, 791.0291], [484.4105, 796.1252], [489.5515, 802.6802], [495.7558, 808.1417], [499.1354, 809.5817], [503.451, 810.8319], [510.8033, 810.2945], [512.32, 803.52], [512.1311, 799.5717], [515.2766, 801.3376], [518.499, 800.8214], [521.8255, 800.0871], [523.2667, 794.0838], [526.881, 794.455], [533.3396, 802.0585], [538.56, 810.24], [543.2076, 813.9206], [547.9891, 817.8652], [548.4983, 821.5322], [549.6655, 824.8655], [555.5017, 827.1877], [561.0451, 824.6402], [563.2302, 830.5079], [567.36, 835.2], [570.8406, 838.5275], [575.0389, 841.6], [581.0788, 842.0148], [581.6317, 845.3739], [579.6217, 849.8375], [579.2915, 854.4502], [582.933, 860.1354], [581.13, 863.5033], [574.9446, 867.2362], [575.9287, 873.3589], [579.7423, 878.2554], [577.3178, 881.9544], [571.504, 878.7462], [566.5503, 882.2349], [562.0145, 884.8325], [557.44, 887.36], [553.5738, 882.3684], [547.9345, 878.4945], [541.7225, 871.5572], [532.8258, 870.4109], [525.1908, 867.6815], [519.9948, 860.5775], [514.0697, 853.5869], [508.6341, 846.2015], [503.6791, 840.3247], [497.2476, 836.2248], [491.7073, 831.8396], [486.5695, 826.7536], [479.7348, 821.343], [474.9745, 814.1745], [469.7385, 807.8393], [466.5941, 800.5356], [466.8228, 791.6895], [464.64, 783.04], [467.2747, 783.4637], [470.08, 784.32], [470.08, 784.32]]]}}, {"type": "Feature", "id": "mun_11592", "properties": {"id": "11592", "name": "Trnovo (FBIH)", "layer": "municipality", "center_svg": [532, 583], "population_1991": {"total": 3090, "bosniaks": 2513, "croats": 1, "serbs": 529, "others": 47}}, "geometry": {"type": "Polygon", "coordinates": [[[531.2, 567.04], [533.907, 566.3625], [536.6046, 566.4], [541.2849, 565.2186], [545.614, 567.6651], [548.117, 571.4293], [552.2015, 571.84], [558.0285, 571.6234], [563.8622, 571.1708], [568.7946, 571.1528], [573.7051, 570.8989], [578.6626, 571.1537], [582.8828, 573.8589], [587.553, 577.6856], [592.3926, 581.2258], [592.7278, 583.2018], [592.7886, 585.4051], [590.248, 588.0586], [587.7955, 590.7708], [585.3645, 590.3849], [582.5748, 589.4448], [579.1887, 588.1628], [576.5246, 589.8558], [571.7895, 590.2006], [567.0393, 591.3224], [561.8005, 591.0482], [559.6798, 585.8674], [557.1194, 584.633], [553.2517, 585.4492], [550.0187, 587.6588], [549.631, 590.4539], [546.8258, 593.4484], [544.9508, 597.1618], [545.179, 601.8238], [542.8537, 605.1491], [538.8446, 605.8999], [537.414, 601.9687], [537.4832, 598.179], [535.2215, 595.8245], [532.1804, 596.0193], [529.2388, 594.7088], [526.9661, 598.5009], [524.9835, 602.6623], [523.5172, 605.6357], [520.9449, 606.6249], [519.0025, 602.7439], [515.1753, 599.8248], [513.2759, 599.7572], [511.1441, 599.7355], [509.3486, 596.9556], [511.3979, 594.6036], [512.1613, 592.0095], [510.6185, 590.0378], [506.8066, 585.4265], [502.08, 581.76], [502.5244, 578.9045], [505.4225, 578.0975], [509.1728, 575.9154], [513.855, 576.6741], [516.521, 576.3709], [516.1864, 573.8449], [515.289, 567.1386], [519.9031, 564.1535], [525.2726, 564.7357], [530.5692, 566.3724], [531.2, 567.04]]]}}, {"type": "Feature", "id": "mun_20591", "properties": {"id": "20591", "name": "Trnovo (RS)", "layer": "municipality", "center_svg": [539, 598], "population_1991": {"total": 3901, "bosniaks": 2277, "croats": 15, "serbs": 1530, "others": 79}}, "geometry": {"type": "Polygon", "coordinates": [[[550.4004, 553.9199], [547.8896, 555.2955], [544.4531, 555.2717], [543.6582, 558.1758], [545.2793, 560.619], [545.3635, 563.0296], [543.1683, 563.8326], [541.6244, 564.6165], [542.3969, 565.7563], [546.0392, 568.241], [548.3785, 572.0377], [552.0336, 572.0489], [555.7014, 571.8085], [558.5224, 571.496], [561.3999, 571.5195], [563.3319, 571.2478], [565.3319, 571.1992], [567.9462, 571.1992], [570.5605, 571.1992], [572.5035, 570.8396], [574.5682, 570.8809], [576.2095, 570.9015], [577.7624, 570.6498], [579.9297, 571.6271], [580.3302, 570.4642], [579.7584, 567.0871], [576.9498, 565.166], [574.5568, 563.8958], [572.1301, 562.5493], [568.676, 562.7428], [565.3944, 563.5868], [563.0286, 561.7974], [560.275, 559.9072], [557.0934, 558.7237], [554.6251, 556.8887], [552.3476, 556.2314], [550.4004, 553.9199], [587.1992, 577.2793], [589.3364, 579.2857], [591.4048, 580.1423], [589.5401, 578.2601], [587.1992, 577.2793], [593.5996, 580.4805], [592.0841, 580.8596], [593.0196, 581.3219], [593.5996, 580.4805], [557.786, 584.789], [554.772, 585.6294], [552.2057, 586.8385], [549.282, 588.3875], [549.4657, 590.8691], [546.9798, 593.3248], [544.9887, 596.305], [544.6181, 600.2653], [545.2736, 604.0361], [547.2201, 605.9159], [549.33, 607.3947], [551.7888, 605.275], [551.105, 601.9805], [552.1863, 600.0688], [553.9068, 600.1036], [556.6356, 600.2128], [559.3314, 599.8054], [562.0589, 598.9873], [564.5119, 597.5597], [566.6902, 596.1932], [567.0743, 593.9881], [567.1399, 592.1384], [565.6675, 591.9032], [562.6208, 592.412], [560.3804, 590.1144], [559.4984, 587.1913], [558.3194, 584.789], [557.786, 584.789], [550.4004, 553.9199]]]}}, {"type": "Feature", "id": "mun_11088", "properties": {"id": "11088", "name": "Tuzla", "layer": "municipality", "center_svg": [599, 340], "population_1991": {"total": 131402, "bosniaks": 62669, "croats": 20397, "serbs": 20090, "others": 28246}}, "geometry": {"type": "Polygon", "coordinates": [[[599.04, 322.88], [602.4716, 323.6254], [604.2908, 326.5225], [607.3722, 328.4421], [610.8644, 328.9852], [613.4946, 329.3023], [616.3657, 331.0002], [617.7292, 332.2696], [619.1605, 331.5134], [620.578, 333.222], [622.0101, 334.7476], [622.3603, 338.3674], [625.3591, 339.5557], [628.8031, 339.7445], [631.6416, 341.2059], [633.3065, 342.8383], [634.2674, 345.0144], [636.4865, 346.0674], [639.0558, 347.2], [640.3911, 347.7573], [639.1259, 347.8752], [637.4074, 347.1906], [635.7881, 346.6013], [635.266, 348.5511], [633.4655, 348.8702], [631.1535, 350.6828], [629.3185, 353.6211], [626.5029, 353.8304], [624.4693, 355.3239], [621.4554, 355.8544], [619.4848, 358.1658], [617.5153, 357.3419], [615.6347, 357.859], [612.3709, 356.7522], [608.8943, 357.3337], [605.9923, 359.1067], [603.3749, 361.335], [599.5422, 363.0229], [595.3119, 363.1947], [591.7473, 363.0699], [588.5814, 363.9843], [586.5479, 366.8431], [584.1411, 367.8161], [583.8208, 366.0679], [581.7088, 365.9312], [581.1113, 363.1593], [578.5537, 361.9562], [575.9872, 361.578], [575.9276, 359.6085], [577.0829, 358.2902], [578.2767, 357.0091], [580.3891, 355.9501], [580.16, 354.072], [579.6214, 351.9045], [579.9084, 350.2437], [577.5757, 347.6408], [576.8836, 344.3487], [575.4101, 341.4497], [576.96, 338.56], [576.9826, 334.6446], [576.133, 330.8825], [575.9403, 328.784], [578.2455, 329.1005], [581.5044, 329.8039], [582.4632, 327.3677], [584.3014, 324.5802], [585.3106, 321.2358], [586.9212, 318.0191], [590.1997, 315.9032], [593.4337, 316.4824], [595.3722, 319.6602], [596.9634, 321.2186], [598.6396, 322.7465], [599.04, 322.88]]]}}, {"type": "Feature", "id": "mun_20605", "properties": {"id": "20605", "name": "Ugljevik", "layer": "municipality", "center_svg": [660, 304], "population_1991": {"total": 17830, "bosniaks": 2927, "croats": 52, "serbs": 14446, "others": 405}}, "geometry": {"type": "Polygon", "coordinates": [[[656.96, 285.44], [658.0892, 289.0438], [659.8684, 292.1987], [660.5928, 293.3924], [661.76, 293.3964], [662.4511, 296.6435], [663.3589, 299.7827], [664.3958, 301.4837], [666.3486, 302.1258], [669.2084, 301.1186], [671.9868, 299.8844], [672.3504, 301.6246], [673.7888, 302.0641], [675.9184, 303.4232], [677.76, 305.28], [677.089, 307.788], [676.5081, 309.9618], [679.4298, 310.5005], [682.4063, 310.3639], [683.8788, 310.6099], [684.2196, 311.5497], [686.8783, 311.619], [689.5532, 311.8806], [688.51, 313.0117], [687.7664, 314.5109], [687.1365, 318.0641], [684.6046, 320.5049], [682.9323, 320.4766], [681.7323, 321.5507], [681.0639, 323.1187], [681.0423, 324.6171], [679.0962, 326.1833], [678.6911, 329.2535], [678.1274, 331.7942], [676.9688, 334.3206], [674.6912, 335.5828], [672.7487, 334.6362], [672.4431, 332.6304], [672.5782, 330.4364], [671.3172, 327.584], [668.9657, 325.4698], [665.1963, 324.5125], [661.2072, 323.8401], [658.1362, 325.6072], [655.4524, 327.9138], [654.5681, 328.4666], [654.7039, 326.2266], [654.4994, 323.3955], [653.0952, 321.1202], [653.0433, 319.8966], [654.0625, 319.3855], [656.1426, 318.3732], [656.0668, 316.4819], [653.8836, 314.7876], [651.2436, 313.6001], [649.6648, 314.8484], [647.8618, 314.5601], [645.9314, 313.078], [643.7136, 311.9729], [644.1289, 310.3392], [645.5517, 308.3805], [647.6638, 306.275], [648.2009, 303.9089], [647.0163, 302.9465], [645.5349, 303.3382], [645.0548, 301.7637], [645.2436, 299.9128], [646.9386, 296.2791], [649.9144, 293.6622], [650.3588, 290.867], [649.7986, 288.194], [650.928, 287.1022], [652.184, 286.6373], [653.5813, 285.4218], [654.9204, 284.5206], [656.0348, 284.811], [656.96, 285.44], [656.96, 285.44]]]}}, {"type": "Feature", "id": "mun_11622", "properties": {"id": "11622", "name": "Usora", "layer": "municipality", "center_svg": [462, 302], "population_1991": {"total": 8633, "bosniaks": 757, "croats": 7467, "serbs": 105, "others": 304}}, "geometry": {"type": "Polygon", "coordinates": [[[463.04, 298.88], [464.3206, 299.346], [465.6627, 299.52], [466.7513, 299.52], [467.84, 299.52], [469.1762, 299.0585], [470.6299, 298.87], [472.2159, 298.648], [473.8387, 298.8834], [475.247, 299.6173], [476.5292, 300.5211], [477.7911, 301.4279], [478.7109, 302.6872], [479.8817, 303.4158], [480.8306, 304.1804], [479.0829, 304.4483], [477.5417, 305.1778], [476.1757, 305.8262], [474.7387, 306.3846], [473.7477, 307.3214], [474.1695, 308.4612], [473.8666, 309.8488], [473.5297, 311.04], [472.742, 311.4217], [472.0439, 311.956], [471.4994, 312.5048], [471.9732, 312.7995], [472.6413, 312.6733], [472.9599, 313.1319], [472.5637, 314.6099], [472.3196, 316.1143], [472.3868, 317.2388], [471.4457, 317.9531], [470.7827, 318.5006], [470.134, 318.1418], [469.2806, 318.6479], [469.107, 317.8302], [469.1999, 316.5736], [468.4574, 315.3657], [468.1704, 314.034], [467.8917, 312.6889], [468.0111, 311.3263], [466.8497, 311.2617], [466.7456, 311.8676], [466.013, 311.6839], [465.5812, 313.1234], [464.4305, 313.4179], [462.9595, 313.4657], [461.7749, 314.2397], [460.619, 314.4459], [459.8276, 313.6373], [459.3181, 312.0456], [459.1966, 310.3388], [459.2696, 308.5093], [459.4227, 306.7671], [458.7132, 305.5784], [458.8892, 304.1871], [458.4079, 302.7656], [458.1048, 301.2678], [456.875, 301.8288], [455.5867, 302.4926], [455.0626, 303.2907], [454.426, 303.4613], [453.6909, 304.4733], [453.1125, 303.6274], [453.4957, 301.9397], [454.2857, 300.3927], [455.0706, 299.0867], [456.4276, 298.4478], [458.0633, 297.8651], [459.6119, 297.4301], [461.0413, 297.9307], [462.4169, 298.5799], [463.0399, 298.88], [463.04, 298.88]]]}}, {"type": "Feature", "id": "mun_11100", "properties": {"id": "11100", "name": "Vareš", "layer": "municipality", "center_svg": [538, 454], "population_1991": {"total": 22203, "bosniaks": 6714, "croats": 9016, "serbs": 3644, "others": 2829}}, "geometry": {"type": "Polygon", "coordinates": [[[533.44, 420.48], [530.7417, 422.0384], [529.8963, 424.6394], [532.895, 426.8031], [536.3142, 428.5919], [539.3515, 430.6955], [539.4081, 434.563], [543.9192, 433.2197], [548.0827, 430.887], [551.4048, 429.9833], [553.5882, 432.6665], [556.0422, 432.533], [558.8882, 432.8652], [560.7118, 434.3518], [560.1357, 437.0299], [562.4157, 440.2631], [561.722, 444.0153], [562.7531, 445.9565], [565.3232, 445.2933], [569.276, 446.3449], [570.37, 450.6903], [569.6967, 454.4295], [566.7228, 457.3282], [563.9913, 457.8329], [561.1201, 457.6889], [562.8788, 460.8084], [563.7167, 462.8367], [561.6865, 464.5266], [559.155, 465.9575], [557.262, 469.1429], [553.2402, 470.1394], [553.8525, 473.1809], [553.646, 476.6647], [551.5372, 478.978], [549.7597, 476.48], [547.431, 475.0827], [545.0987, 476.9239], [542.5902, 478.4052], [540.5196, 480.1691], [538.519, 478.343], [535.8694, 480.7703], [534.5146, 484.007], [531.4204, 485.3005], [529.248, 483.0938], [526.2565, 482.4464], [525.9394, 479.7147], [523.4937, 478.2627], [519.7361, 479.6437], [517.6915, 478.0635], [518.8112, 474.0708], [519.3521, 469.8576], [519.6272, 467.7432], [520.2921, 465.8271], [519.8469, 461.6911], [521.926, 458.231], [518.4682, 459.5802], [515.2725, 459.0545], [513.9496, 460.9199], [512.965, 459.824], [513.0261, 455.0173], [511.7704, 450.3034], [511.3834, 445.8708], [512.9598, 441.6], [515.2984, 438.1805], [517.4704, 434.403], [519.8556, 431.1541], [522.8004, 428.5806], [523.4533, 425.4477], [523.5584, 422.1673], [526.475, 419.619], [528.7927, 416.536], [531.2754, 415.7589], [532.3355, 418.3804], [533.3737, 419.1948], [533.44, 420.48], [533.44, 420.48]]]}}, {"type": "Feature", "id": "mun_11118", "properties": {"id": "11118", "name": "Velika Kladuša", "layer": "municipality", "center_svg": [75, 174], "population_1991": {"total": 52908, "bosniaks": 48305, "croats": 740, "serbs": 2266, "others": 1597}}, "geometry": {"type": "Polygon", "coordinates": [[[70.72, 157.12], [70.5422, 159.6328], [71.4701, 160.9497], [74.4944, 160.2847], [77.1963, 158.6826], [80.052, 156.9224], [82.6711, 157.8787], [85.2554, 159.1871], [87.8233, 159.9231], [88.8296, 162.8431], [90.7913, 164.89], [88.8206, 167.8524], [88.4378, 170.0499], [91.6303, 169.9668], [94.0057, 171.35], [94.499, 173.1117], [95.0009, 175.0901], [97.1695, 177.765], [99.4362, 180.3962], [100.908, 184.006], [100.7789, 187.9384], [102.1817, 191.2118], [104.96, 193.92], [107.7702, 194.5729], [106.4178, 195.8093], [105.2159, 196.8893], [104.193, 196.4892], [100.5259, 196.801], [98.6781, 194.7618], [99.5267, 192.378], [97.6, 191.3599], [94.989, 191.2902], [93.801, 189.6353], [92.923, 186.5738], [91.2582, 185.5717], [88.8464, 185.6121], [86.6831, 185.0598], [84.4812, 185.1606], [83.2044, 186.1907], [83.0877, 187.6932], [83.32, 189.3301], [82.2092, 190.6224], [80.869, 190.9161], [80.2046, 192.645], [79.9813, 194.7418], [79.7903, 197.866], [77.5423, 199.0697], [76.6811, 201.9491], [73.8936, 202.6797], [70.8485, 201.6416], [68.1812, 199.2105], [66.1004, 196.8832], [63.7186, 195.1773], [63.2973, 193.6927], [62.4, 194.087], [62.4958, 197.6676], [59.6657, 198.7693], [58.6592, 198.0464], [57.28, 198.0799], [54.4575, 198.1558], [55.0117, 200.3376], [53.3879, 201.3592], [51.184, 202.3792], [49.6197, 201.5698], [48.5022, 199.1554], [46.6272, 197.8727], [45.8233, 195.8754], [44.3584, 194.8221], [43.8684, 196.3874], [42.4528, 198.3064], [40.8856, 197.4002], [40.2515, 195.3229], [39.8316, 193.1329], [41.4238, 191.8395], [41.9947, 189.9306], [43.8048, 186.7709], [42.763, 183.8357], [42.1769, 181.9032], [41.4977, 179.9636], [40.7879, 177.0928], [39.8347, 174.0664], [40.9407, 170.945], [42.1437, 167.8987], [44.1931, 165.573], [46.72, 163.993], [47.6831, 162.4185], [48.1689, 161.1595], [50.9233, 161.6845], [52.662, 160.0123], [53.3978, 157.7293], [56.2013, 157.7373], [58.6924, 158.8846], [61.8603, 158.6076], [64.1615, 159.233], [64.6872, 158.0111], [64.7767, 156.5032], [67.3181, 157.2381], [69.3373, 156.4705], [70.72, 157.12], [70.72, 157.12]]]}}, {"type": "Feature", "id": "mun_11126", "properties": {"id": "11126", "name": "Visoko", "layer": "municipality", "center_svg": [494, 495], "population_1991": {"total": 46160, "bosniaks": 34373, "croats": 1872, "serbs": 7471, "others": 2444}}, "geometry": {"type": "Polygon", "coordinates": [[[519.36, 466.88], [519.1497, 470.2913], [518.72, 473.7562], [518.3203, 477.1339], [517.76, 480.0], [516.0729, 483.0013], [513.0963, 483.0076], [511.0458, 483.7799], [511.3299, 486.3141], [512.3904, 487.6975], [511.4565, 488.8861], [512.9972, 490.4388], [514.8716, 489.8778], [516.4904, 492.5373], [515.5152, 495.0594], [512.7746, 496.1221], [513.0564, 497.598], [512.6556, 500.3816], [510.5311, 501.817], [511.7596, 505.1432], [513.8796, 507.8648], [516.044, 510.3379], [516.0114, 513.6244], [517.5809, 518.0078], [515.3294, 521.0992], [511.944, 519.9683], [508.5064, 519.0298], [504.7599, 518.7509], [501.2738, 517.6542], [498.4484, 515.9919], [496.9638, 512.9156], [494.557, 513.2739], [494.1329, 511.3691], [493.823, 508.5915], [491.84, 507.84], [489.0669, 508.2757], [488.0741, 507.0083], [490.0587, 504.3965], [489.4014, 501.8385], [486.3656, 500.5423], [482.8775, 500.1477], [480.7572, 497.1925], [480.3092, 493.2267], [480.3581, 491.0427], [479.4547, 489.6582], [478.4814, 488.243], [478.7639, 487.1178], [476.8762, 485.3652], [476.181, 483.3691], [473.3952, 482.6106], [470.3788, 481.4493], [468.2219, 480.0891], [466.0552, 478.557], [466.9266, 477.0054], [465.5767, 476.6546], [464.1578, 475.5653], [465.9674, 474.2741], [468.9986, 472.9899], [471.9871, 472.8923], [473.8319, 474.9824], [477.461, 474.2159], [480.7452, 474.9728], [483.9387, 476.3695], [487.1091, 476.2689], [490.232, 477.12], [492.4288, 478.2252], [494.4122, 477.4231], [497.1906, 477.056], [499.8769, 476.4311], [502.57, 477.2302], [504.2549, 480.3197], [505.8294, 479.3248], [507.512, 478.72], [507.5723, 475.7698], [507.6565, 472.7575], [510.5524, 471.7651], [514.1195, 470.9602], [515.9905, 468.1275], [519.1801, 466.88], [519.36, 466.88]]]}}, {"type": "Feature", "id": "mun_20087", "properties": {"id": "20087", "name": "Višegrad", "layer": "municipality", "center_svg": [724, 556], "population_1991": {"total": 21199, "bosniaks": 13471, "croats": 32, "serbs": 6743, "others": 953}}, "geometry": {"type": "Polygon", "coordinates": [[[715.2, 506.56], [719.1454, 509.9556], [722.5138, 514.1428], [725.3881, 519.8614], [728.1563, 525.5963], [732.4069, 530.3534], [736.2987, 535.6257], [738.5897, 537.6842], [738.9515, 540.3557], [741.9589, 544.1384], [744.1548, 548.0866], [746.4162, 548.5034], [748.5553, 548.0377], [750.262, 550.6068], [751.0756, 553.4736], [756.0911, 555.5113], [758.7125, 560.3126], [760.7373, 564.0389], [763.9388, 566.9177], [767.4335, 569.5873], [766.72, 571.8401], [763.3395, 569.4401], [759.2851, 567.5719], [754.5542, 567.7044], [749.7007, 567.9679], [746.4032, 568.4019], [746.354, 571.4712], [742.3926, 573.1124], [740.8064, 576.4333], [741.2645, 577.9806], [738.2635, 578.6618], [733.2802, 578.2653], [728.0721, 576.2788], [725.3778, 575.4794], [723.0001, 574.1921], [719.4414, 570.8157], [714.1324, 569.9378], [710.6691, 570.1932], [707.5379, 570.0904], [708.5133, 575.8333], [704.739, 580.1605], [702.3809, 580.6693], [700.8009, 578.8527], [699.0965, 574.7382], [695.7606, 571.7616], [694.2387, 568.0406], [693.3526, 563.4525], [691.88, 558.0113], [688.649, 553.6415], [687.7468, 550.6053], [690.2946, 550.5405], [694.688, 553.1639], [698.5912, 551.7183], [702.7908, 548.7683], [701.8784, 543.5518], [706.0561, 540.0757], [707.2, 535.6805], [707.6332, 533.1365], [707.5161, 531.216], [707.9033, 528.322], [706.6043, 526.028], [704.9749, 521.9792], [702.2424, 518.7649], [699.2777, 513.9235], [701.8621, 510.6668], [705.9591, 510.6076], [708.8864, 508.1497], [711.5233, 506.7988], [714.4802, 505.8942], [714.9198, 506.1445], [715.2, 506.5605], [715.2, 506.56]]]}}, {"type": "Feature", "id": "mun_11142", "properties": {"id": "11142", "name": "Vitez", "layer": "municipality", "center_svg": [425, 451], "population_1991": {"total": 27859, "bosniaks": 11514, "croats": 12675, "serbs": 1501, "others": 2169}}, "geometry": {"type": "Polygon", "coordinates": [[[432.64, 439.36], [434.6516, 440.1914], [436.7427, 440.7268], [437.4465, 443.3178], [437.4731, 445.9975], [439.1056, 447.465], [441.1994, 447.9651], [442.8157, 449.7809], [444.4936, 451.4753], [443.4233, 452.9595], [443.3945, 454.886], [443.5182, 456.4521], [443.2, 458.2135], [442.9117, 459.3091], [441.5606, 458.5729], [440.2534, 458.1489], [439.7836, 457.1309], [438.4379, 457.7105], [437.003, 457.6], [434.3442, 457.7889], [432.7488, 459.9364], [431.5528, 462.0562], [431.6584, 464.391], [432.4036, 467.1485], [432.9779, 469.8179], [433.6184, 472.0419], [433.0762, 474.1079], [431.627, 476.4604], [429.3471, 477.8594], [428.9501, 480.4023], [429.4923, 482.9846], [428.5699, 482.9619], [426.732, 482.88], [424.934, 483.8534], [423.046, 483.363], [420.5556, 482.065], [417.978, 481.8083], [416.1727, 480.0549], [415.3076, 477.6554], [413.4451, 475.8661], [411.1882, 474.5075], [410.195, 472.4257], [409.4454, 470.2346], [411.0731, 468.5006], [412.1524, 466.4994], [412.1637, 464.1885], [411.5122, 462.4033], [410.7639, 460.1564], [409.92, 457.92], [410.7139, 455.824], [410.8681, 453.6433], [413.1496, 452.5891], [414.4483, 450.6101], [415.6282, 448.489], [416.7508, 446.3025], [418.8436, 444.5701], [421.0785, 443.0738], [422.3258, 441.0841], [424.2724, 440.1315], [425.9114, 439.2021], [428.1794, 438.7461], [430.2072, 437.6526], [432.0, 438.431], [432.209, 438.9509], [432.64, 439.36], [432.64, 439.36]]]}}, {"type": "Feature", "id": "mun_20095", "properties": {"id": "20095", "name": "Vlasenica", "layer": "municipality", "center_svg": [650, 437], "population_1991": {"total": 17810, "bosniaks": 10939, "croats": 32, "serbs": 6318, "others": 521}}, "geometry": {"type": "Polygon", "coordinates": [[[669.76, 413.12], [670.9642, 413.6072], [670.4406, 414.8802], [671.9499, 417.1284], [672.1216, 419.4377], [673.2423, 421.6891], [674.7872, 423.962], [674.2498, 425.7368], [673.2341, 427.4734], [671.2135, 427.307], [670.6246, 428.2664], [669.5114, 429.8342], [669.7821, 431.4207], [670.2645, 433.593], [672.2122, 434.4765], [671.1704, 438.5334], [670.5937, 442.4319], [670.8442, 445.3205], [669.0501, 446.8835], [667.0174, 445.1615], [664.7563, 443.9563], [662.653, 445.631], [662.2273, 449.0559], [660.5217, 452.1018], [660.9707, 454.4624], [663.5019, 455.7662], [666.4075, 456.5002], [668.3703, 456.5899], [667.5899, 458.2198], [667.5971, 461.092], [665.071, 461.5629], [663.5823, 462.2096], [662.7932, 463.375], [661.0475, 461.1169], [659.4103, 458.7736], [657.0109, 457.4392], [655.3721, 455.2603], [653.2767, 455.007], [652.8648, 456.9808], [651.5582, 457.7552], [650.8248, 459.0754], [647.9428, 457.4071], [644.9603, 455.9993], [641.5205, 455.1032], [637.7634, 454.1758], [635.7398, 452.8328], [634.0477, 451.2878], [631.3944, 449.1266], [628.6495, 447.29], [627.2739, 443.9997], [626.75, 440.8618], [628.6173, 438.0745], [628.8144, 435.2144], [629.8419, 433.7453], [632.1853, 434.7277], [632.526, 433.9704], [633.3232, 433.4282], [634.751, 432.6161], [635.8081, 433.6], [637.4721, 432.9149], [638.916, 432.8971], [639.1502, 430.3911], [641.3485, 429.9868], [644.5148, 430.3324], [646.6826, 428.7305], [648.1933, 425.9717], [648.9814, 423.2598], [649.1198, 420.6594], [650.9645, 418.1975], [652.992, 419.7932], [655.6477, 419.9355], [657.7462, 418.6076], [660.5374, 418.458], [663.0288, 417.0196], [665.2476, 415.0666], [666.2748, 412.6086], [668.2547, 410.6443], [669.3852, 411.3518], [669.76, 413.12], [669.76, 413.12]]]}}, {"type": "Feature", "id": "mun_10928", "properties": {"id": "10928", "name": "Vogošća", "layer": "municipality", "center_svg": [538, 507], "population_1991": {"total": 24647, "bosniaks": 12499, "croats": 1071, "serbs": 8813, "others": 2264}}, "geometry": {"type": "Polygon", "coordinates": [[[540.8, 499.84], [542.3734, 501.2441], [541.9119, 502.8807], [541.1375, 503.9269], [541.5481, 504.8636], [542.635, 505.7622], [543.9222, 506.5021], [545.3669, 507.3385], [546.9961, 507.839], [548.2664, 508.2541], [549.8224, 508.0935], [551.3057, 506.7512], [553.1417, 505.9477], [554.7019, 505.5739], [556.0904, 505.0086], [556.2632, 506.1852], [556.109, 507.5835], [554.4633, 508.2962], [552.821, 509.0643], [551.2544, 510.2701], [549.9248, 511.8264], [550.4708, 512.7956], [550.4012, 513.7879], [549.596, 515.205], [547.8893, 515.0019], [547.3851, 515.9636], [547.0428, 517.4029], [545.8853, 518.6033], [545.5038, 520.2409], [544.8789, 521.6567], [545.7969, 523.0723], [546.1452, 524.1071], [546.544, 525.1041], [546.349, 526.2667], [545.6897, 526.8665], [545.034, 527.4676], [545.1582, 528.2927], [544.1572, 529.351], [542.7657, 529.554], [541.7682, 528.998], [541.3269, 528.3394], [539.6141, 527.6147], [537.922, 526.73], [537.0056, 526.8684], [535.9353, 526.7089], [534.889, 525.4225], [533.4625, 524.8752], [532.7349, 525.3739], [531.4075, 524.2746], [530.9071, 523.2684], [530.5949, 522.5617], [528.8299, 521.8416], [527.4975, 520.4576], [526.5639, 519.5681], [525.6383, 518.5984], [525.8991, 517.8235], [526.2547, 516.9314], [527.1538, 515.6535], [528.4573, 515.5229], [528.2784, 513.9939], [528.304, 512.656], [527.622, 511.7291], [528.2044, 511.1107], [529.8723, 511.12], [531.5785, 511.6887], [532.5874, 511.4592], [533.1265, 510.7903], [532.8172, 509.2385], [533.1425, 507.9442], [533.483, 506.1923], [534.3813, 504.6386], [534.9115, 502.9956], [536.4369, 502.3898], [537.6171, 501.6746], [538.4669, 500.573], [539.2564, 499.9744], [540.2715, 500.1187], [540.7999, 499.84], [540.8, 499.84]]]}}, {"type": "Feature", "id": "mun_20109", "properties": {"id": "20109", "name": "Vukosavlje", "layer": "municipality", "center_svg": [517, 210], "population_1991": {"total": 8241, "bosniaks": 3124, "croats": 3391, "serbs": 1341, "others": 385}}, "geometry": {"type": "Polygon", "coordinates": [[[521.6, 210.88], [522.4697, 212.6507], [523.4393, 214.4078], [524.6377, 216.1479], [526.3147, 217.5408], [527.8758, 219.0331], [528.6391, 220.9178], [528.8816, 222.9855], [529.3156, 225.0319], [530.3795, 225.2324], [531.9999, 225.2989], [533.7744, 224.5347], [534.8509, 222.5807], [535.5143, 220.2864], [535.3599, 217.92], [537.6514, 218.9772], [539.7778, 219.115], [541.6366, 218.2106], [543.3366, 217.2794], [545.0561, 216.9956], [546.0613, 218.3293], [544.8997, 219.4034], [545.1577, 220.8202], [543.2954, 220.9357], [541.7369, 219.8026], [540.6788, 221.4488], [538.7366, 222.1817], [538.1989, 223.5453], [536.8128, 224.2514], [535.6146, 225.8107], [533.996, 227.1307], [533.0729, 228.1265], [531.8592, 228.5315], [531.4476, 230.0401], [530.4186, 231.1929], [528.6012, 231.2266], [526.5563, 230.5916], [524.2848, 230.5106], [521.92, 231.36], [520.5554, 230.5978], [519.2039, 229.6101], [517.3921, 228.9494], [515.7299, 228.064], [514.4219, 227.6935], [513.6305, 226.6572], [511.3172, 226.0485], [508.894, 226.1168], [507.4354, 224.8065], [507.3096, 223.1193], [505.485, 223.5019], [503.5144, 223.0307], [504.0794, 221.2705], [505.155, 219.6328], [506.4048, 217.9423], [506.8282, 215.9296], [506.9555, 214.7972], [507.6199, 213.76], [509.3138, 213.485], [510.2612, 212.3694], [512.2444, 211.1479], [514.5467, 210.56], [515.6831, 209.8465], [515.3412, 209.1049], [514.4542, 207.7147], [514.1235, 206.1847], [516.1621, 206.1382], [517.7508, 207.3582], [519.3184, 208.786], [520.7251, 210.3242], [521.131, 210.6504], [521.6, 210.88], [521.6, 210.88]]]}}, {"type": "Feature", "id": "mun_11177", "properties": {"id": "11177", "name": "Zavidovići", "layer": "municipality", "center_svg": [518, 406], "population_1991": {"total": 52379, "bosniaks": 33623, "croats": 3429, "serbs": 11626, "others": 3701}}, "geometry": {"type": "Polygon", "coordinates": [[[524.8, 355.84], [526.5968, 356.2644], [527.9278, 357.6759], [530.3217, 363.0189], [532.796, 367.7051], [529.9071, 370.2148], [530.6309, 374.1828], [530.5204, 377.1593], [532.8815, 378.6753], [537.5572, 381.0463], [542.2784, 380.7233], [545.9134, 383.3288], [550.1129, 385.9793], [552.6947, 387.9295], [552.04, 390.3757], [551.738, 392.5512], [549.7813, 391.1456], [547.6149, 393.4223], [547.7269, 396.1681], [546.3131, 398.803], [548.8056, 399.2606], [554.7647, 399.0165], [560.605, 399.7063], [563.6018, 403.6046], [564.1963, 407.1036], [561.5873, 406.6043], [559.1056, 407.7987], [557.1937, 410.3262], [553.4252, 410.7976], [549.0967, 414.1212], [543.7264, 415.6522], [540.0509, 416.9372], [536.8143, 415.2021], [534.0283, 416.3351], [532.8898, 418.8111], [531.6041, 416.1631], [529.3539, 416.1648], [525.7917, 420.1696], [520.7172, 422.1589], [517.6539, 423.8943], [514.88, 425.9204], [511.5878, 424.3422], [507.7324, 422.9098], [502.3808, 422.7635], [498.4173, 420.4819], [495.8602, 416.3543], [491.5871, 415.079], [488.8529, 414.0857], [486.4418, 415.3499], [483.9071, 415.9943], [483.2414, 413.0698], [481.0169, 408.9746], [481.7249, 404.5022], [480.797, 398.8143], [483.6505, 393.9849], [488.7988, 393.1361], [493.3199, 393.775], [497.5021, 391.4331], [495.1991, 386.9531], [493.2663, 386.4305], [493.2463, 384.4919], [493.7701, 381.2153], [493.015, 378.2316], [490.4664, 375.5325], [492.3857, 372.6033], [494.0736, 371.1934], [496.1903, 370.9929], [496.4272, 366.1616], [498.2516, 362.906], [502.291, 360.0862], [505.978, 360.5169], [510.6227, 360.33], [515.1432, 361.0668], [517.5536, 358.9385], [517.8496, 355.9729], [520.801, 355.9465], [523.4939, 354.9708], [524.1652, 355.4723], [524.8, 355.84], [524.8, 355.84]]]}}, {"type": "Feature", "id": "mun_11185", "properties": {"id": "11185", "name": "Zenica", "layer": "municipality", "center_svg": [460, 423], "population_1991": {"total": 146603, "bosniaks": 80359, "croats": 22511, "serbs": 23512, "others": 20221}}, "geometry": {"type": "Polygon", "coordinates": [[[449.6, 390.08], [454.8501, 392.507], [460.5278, 394.7891], [461.2961, 399.4753], [466.5084, 400.8702], [467.25, 401.8543], [468.4305, 403.9624], [474.2017, 404.0066], [478.7849, 406.9165], [481.2718, 409.285], [483.2, 413.12], [485.3491, 418.9491], [485.7042, 424.5926], [484.3596, 429.8197], [483.1086, 434.9998], [482.771, 439.8326], [481.92, 444.3952], [479.9562, 447.9327], [479.6948, 451.0614], [477.062, 452.3178], [472.7664, 453.4617], [470.388, 453.7679], [467.5442, 454.2436], [463.2345, 457.0057], [460.7043, 461.0128], [461.9515, 464.2363], [461.7966, 467.3002], [462.4306, 470.0026], [461.4186, 470.2206], [459.1233, 467.2328], [455.1496, 465.8148], [453.4539, 463.517], [453.0467, 459.8312], [452.8555, 456.0968], [450.9897, 452.3748], [447.0629, 450.8938], [443.3831, 450.3437], [439.2898, 447.3872], [437.4185, 443.2124], [434.8155, 440.0842], [430.9343, 437.7194], [430.1791, 432.9882], [429.1975, 428.1531], [430.4286, 422.1432], [435.2, 418.56], [434.8323, 413.4042], [430.82, 408.3307], [431.1542, 406.3295], [429.653, 403.115], [426.4052, 399.3603], [424.4297, 394.7748], [420.3705, 393.3967], [418.4819, 389.4355], [422.9054, 386.5663], [426.7806, 382.9429], [432.5177, 380.5545], [438.4, 378.56], [443.8591, 377.0283], [448.9273, 375.9751], [447.7424, 381.617], [448.6645, 387.1785], [448.4573, 388.8316], [449.6, 390.08], [449.6, 390.08]]]}}, {"type": "Feature", "id": "mun_20168", "properties": {"id": "20168", "name": "Zvornik", "layer": "municipality", "center_svg": [690, 377], "population_1991": {"total": 67217, "bosniaks": 37785, "croats": 107, "serbs": 27254, "others": 2071}}, "geometry": {"type": "Polygon", "coordinates": [[[685.1191, 327.041], [679.8632, 329.3653], [677.1672, 334.1274], [673.9888, 335.6279], [672.607, 338.3709], [672.3217, 343.6411], [669.0579, 347.4414], [670.4215, 351.8958], [670.4181, 356.7595], [668.0096, 359.4502], [665.6464, 362.3037], [666.8996, 366.8242], [664.0, 369.9199], [660.0324, 370.3056], [657.3931, 373.0963], [658.6031, 376.7453], [662.5926, 379.8828], [664.0897, 382.2844], [666.3057, 383.488], [668.1096, 384.9794], [668.8891, 387.5195], [667.5686, 391.1127], [666.5449, 395.3999], [664.1373, 396.2673], [665.017, 398.7841], [663.0061, 399.3745], [660.9934, 401.2139], [658.8496, 403.9344], [657.8665, 406.5289], [662.7643, 408.8699], [667.3761, 410.383], [669.5254, 412.0932], [672.037, 413.4951], [674.0681, 410.5518], [676.0144, 408.36], [677.093, 410.5037], [675.8611, 412.0634], [680.2398, 414.8332], [684.1927, 417.1061], [684.7435, 420.8828], [686.1152, 422.0536], [689.8043, 421.6659], [693.4433, 421.0065], [695.2659, 422.7799], [695.826, 420.9717], [696.9963, 418.9701], [697.894, 420.1772], [702.5556, 422.3476], [707.4978, 422.4113], [707.3604, 418.6128], [706.1436, 414.8951], [702.1674, 415.4772], [698.363, 417.5636], [695.1421, 412.8888], [691.2704, 408.9836], [689.5989, 405.3722], [690.4302, 401.5216], [685.9399, 399.2801], [687.0086, 395.1232], [685.5515, 393.8066], [684.0788, 392.074], [685.2446, 386.7152], [689.2793, 383.4379], [691.9667, 381.3945], [692.4805, 378.045], [692.2475, 374.4423], [691.3969, 370.7369], [690.6877, 367.1207], [689.703, 363.0628], [688.1143, 358.4592], [688.3203, 353.7801], [691.3444, 351.0713], [696.083, 351.308], [698.6368, 347.2621], [700.5695, 343.0623], [698.5439, 338.6094], [695.6366, 334.7049], [694.001, 331.1239], [689.7525, 329.0221], [687.7938, 327.3659], [685.1191, 327.041], [650.5605, 341.4394], [650.2846, 342.5247], [650.5605, 341.4394], [650.2402, 342.7207], [647.8563, 344.0562], [645.6226, 346.0996], [647.6071, 347.1406], [650.1476, 343.6758], [650.2402, 342.7207], [685.1191, 327.041]]]}}, {"type": "Feature", "id": "mun_11207", "properties": {"id": "11207", "name": "Žepče", "layer": "municipality", "center_svg": [472, 382], "population_1991": {"total": 32856, "bosniaks": 11676, "croats": 17916, "serbs": 2398, "others": 866}}, "geometry": {"type": "Polygon", "coordinates": [[[483.52, 353.92], [484.874, 354.5945], [484.3493, 356.2148], [484.5585, 358.0784], [485.154, 359.1694], [486.5486, 357.6874], [487.8015, 356.4201], [488.2717, 354.4017], [490.4598, 355.0405], [491.6809, 354.1995], [492.7789, 354.7155], [492.6271, 356.7541], [492.0435, 358.1345], [494.3833, 358.5514], [493.6919, 360.4312], [496.751, 360.5292], [499.2835, 358.502], [501.227, 357.7013], [501.0273, 355.704], [503.1996, 354.8027], [503.6271, 357.0084], [501.7537, 360.8554], [498.3218, 362.8842], [496.0138, 364.7341], [497.2233, 368.3022], [496.3316, 370.6528], [493.8682, 371.0442], [491.5804, 373.1106], [490.3979, 375.2748], [491.6918, 377.4675], [493.6827, 378.4548], [494.5374, 380.8893], [492.48, 382.3951], [492.9076, 384.1304], [492.9183, 385.9942], [494.2522, 386.6926], [495.8541, 387.371], [497.7096, 389.7083], [496.9599, 392.4776], [494.2168, 393.9258], [491.2048, 392.64], [487.6977, 393.4776], [484.0078, 393.8933], [482.161, 395.7689], [480.6733, 398.2869], [481.1622, 402.3234], [481.1642, 406.3956], [478.6854, 406.7458], [476.2709, 404.2872], [472.3173, 403.9855], [468.4583, 403.948], [467.1538, 402.6226], [467.5232, 400.8422], [463.9889, 400.7211], [460.6972, 398.8286], [460.2714, 395.8218], [458.5599, 394.24], [455.2294, 392.7207], [451.8781, 391.2191], [449.805, 389.8463], [448.5906, 388.1117], [447.8007, 384.3915], [448.1463, 381.1613], [448.5034, 377.8782], [449.3517, 374.9988], [452.4581, 372.6303], [455.547, 370.287], [457.4017, 368.9573], [459.4383, 369.4658], [462.4132, 368.9079], [461.7922, 366.725], [463.6098, 363.7821], [465.6514, 360.8118], [467.8392, 358.2608], [470.5039, 356.734], [471.5123, 357.7783], [472.2345, 359.1815], [474.5163, 359.978], [474.9557, 358.3843], [476.1471, 357.4325], [477.6504, 356.4891], [480.1134, 356.346], [482.4648, 355.4366], [482.5198, 353.8071], [483.52, 353.92], [483.52, 353.92]]]}}, {"type": "Feature", "id": "mun_11215", "properties": {"id": "11215", "name": "Živinice", "layer": "municipality", "center_svg": [594, 380], "population_1991": {"total": 54783, "bosniaks": 44017, "croats": 3976, "serbs": 3525, "others": 3265}}, "geometry": {"type": "Polygon", "coordinates": [[[612.8, 356.8], [615.2663, 357.9259], [615.1331, 360.6406], [614.8257, 363.002], [614.1968, 365.4383], [612.8125, 367.718], [613.726, 370.037], [613.2175, 371.7374], [611.9869, 370.88], [610.5147, 372.4859], [610.1094, 374.5659], [610.552, 376.159], [610.7815, 377.6756], [613.7577, 378.2349], [616.9218, 378.3359], [619.7337, 379.4566], [621.4396, 377.92], [623.6078, 377.9816], [624.448, 379.6217], [627.7424, 380.8083], [630.4402, 381.8763], [628.6721, 384.7809], [627.4512, 387.8454], [627.7858, 391.0506], [627.1245, 393.461], [623.7095, 393.7595], [620.4619, 393.82], [617.7903, 394.0739], [616.5123, 395.2789], [616.2647, 398.1479], [613.8124, 399.6112], [612.0395, 399.9429], [609.9023, 398.5147], [608.0734, 397.0925], [607.0238, 398.4756], [605.0807, 399.4143], [602.0085, 398.2944], [598.3634, 397.4426], [595.9297, 400.0619], [594.0757, 402.7824], [590.9668, 403.6865], [588.7077, 405.661], [586.9673, 408.2322], [584.5228, 407.5746], [583.8834, 405.6439], [580.6708, 404.1505], [578.8752, 401.3441], [578.7454, 398.0674], [577.9613, 394.8966], [576.4872, 392.0964], [577.004, 389.0549], [578.5758, 386.3611], [578.8061, 383.2131], [579.3692, 380.1998], [577.3229, 378.285], [574.2752, 377.1729], [572.9014, 374.4132], [572.8036, 372.7849], [571.3829, 373.4735], [568.965, 372.5561], [567.4386, 370.9528], [567.2324, 369.3609], [569.0335, 368.0994], [570.9267, 364.9471], [573.7066, 362.559], [576.7359, 361.6431], [579.9749, 362.5834], [581.5316, 364.7116], [583.4674, 365.6551], [584.4228, 367.5642], [585.7223, 367.5788], [587.9923, 364.8006], [590.7195, 362.88], [594.2033, 363.3202], [597.764, 363.2006], [601.4328, 362.3451], [604.6006, 360.1874], [607.3771, 358.1494], [610.5468, 356.848], [611.6842, 356.6873], [612.8, 356.8], [612.8, 356.8]]]}}]}